section_id,src_file,src_line,body_start_line,body_end_line,heading_path,lines,code_blocks,tables,figures
current-0001,ja/development_tools/testing_framework/guide/development_guide/05_UnitTestGuide/01_ClassUnitTest/01_entityUnitTest/01_entityUnitTestWithBeanValidation.rst,1,1,2,(冒頭),2,0,0,0
current-0002,ja/development_tools/testing_framework/guide/development_guide/05_UnitTestGuide/01_ClassUnitTest/01_entityUnitTest/01_entityUnitTestWithBeanValidation.rst,6,6,12,Bean Validationに対応したForm/Entityのクラス単体テスト > (L1直下),7,0,0,0
current-0003,ja/development_tools/testing_framework/guide/development_guide/05_UnitTestGuide/01_ClassUnitTest/01_entityUnitTest/01_entityUnitTestWithBeanValidation.rst,16,16,21,Bean Validationに対応したForm/Entityのクラス単体テスト > Form/Entity単体テストの書き方 > (L2直下),6,0,0,0
current-0004,ja/development_tools/testing_framework/guide/development_guide/05_UnitTestGuide/01_ClassUnitTest/01_entityUnitTest/01_entityUnitTestWithBeanValidation.rst,22,24,34,Bean Validationに対応したForm/Entityのクラス単体テスト > Form/Entity単体テストの書き方 > テストデータの作成,11,0,0,0
current-0005,ja/development_tools/testing_framework/guide/development_guide/05_UnitTestGuide/01_ClassUnitTest/01_entityUnitTest/01_entityUnitTestWithBeanValidation.rst,35,37,65,Bean Validationに対応したForm/Entityのクラス単体テスト > Form/Entity単体テストの書き方 > テストクラスの作成,29,1,0,0
current-0006,ja/development_tools/testing_framework/guide/development_guide/05_UnitTestGuide/01_ClassUnitTest/01_entityUnitTest/01_entityUnitTestWithBeanValidation.rst,66,68,315,Bean Validationに対応したForm/Entityのクラス単体テスト > Form/Entity単体テストの書き方 > 文字種と文字列長の単項目精査テストケース,248,3,4,1
current-0007,ja/development_tools/testing_framework/guide/development_guide/05_UnitTestGuide/01_ClassUnitTest/01_entityUnitTest/01_entityUnitTestWithBeanValidation.rst,316,318,429,Bean Validationに対応したForm/Entityのクラス単体テスト > Form/Entity単体テストの書き方 > その他の単項目精査のテストケース,112,3,1,1
current-0008,ja/development_tools/testing_framework/guide/development_guide/05_UnitTestGuide/01_ClassUnitTest/01_entityUnitTest/01_entityUnitTestWithBeanValidation.rst,430,432,569,Bean Validationに対応したForm/Entityのクラス単体テスト > Form/Entity単体テストの書き方 > 項目間精査のテストケース,138,5,0,1
current-0009,ja/development_tools/testing_framework/guide/development_guide/05_UnitTestGuide/01_ClassUnitTest/01_entityUnitTest/01_entityUnitTestWithBeanValidation.rst,570,572,701,Bean Validationに対応したForm/Entityのクラス単体テスト > Form/Entity単体テストの書き方 > setter、getterに対するテストケース,130,2,0,3
current-0010,ja/development_tools/testing_framework/guide/development_guide/05_UnitTestGuide/01_ClassUnitTest/01_entityUnitTest/01_entityUnitTestWithBeanValidation.rst,702,704,770,Bean Validationに対応したForm/Entityのクラス単体テスト > Form/Entity単体テストの書き方 > 自動テストフレームワーク設定値,67,1,1,0
current-0011,ja/development_tools/testing_framework/guide/development_guide/05_UnitTestGuide/01_ClassUnitTest/01_entityUnitTest/02_entityUnitTestWithNablarchValidation.rst,1,1,2,(冒頭),2,0,0,0
current-0012,ja/development_tools/testing_framework/guide/development_guide/05_UnitTestGuide/01_ClassUnitTest/01_entityUnitTest/02_entityUnitTestWithNablarchValidation.rst,6,6,12,Nablarch Validationに対応したForm/Entityのクラス単体テスト > (L1直下),7,0,0,0
current-0013,ja/development_tools/testing_framework/guide/development_guide/05_UnitTestGuide/01_ClassUnitTest/01_entityUnitTest/02_entityUnitTestWithNablarchValidation.rst,16,16,21,Nablarch Validationに対応したForm/Entityのクラス単体テスト > Form/Entity単体テストの書き方 > (L2直下),6,0,0,0
current-0014,ja/development_tools/testing_framework/guide/development_guide/05_UnitTestGuide/01_ClassUnitTest/01_entityUnitTest/02_entityUnitTestWithNablarchValidation.rst,22,24,35,Nablarch Validationに対応したForm/Entityのクラス単体テスト > Form/Entity単体テストの書き方 > テストデータの作成,12,0,0,0
current-0015,ja/development_tools/testing_framework/guide/development_guide/05_UnitTestGuide/01_ClassUnitTest/01_entityUnitTest/02_entityUnitTestWithNablarchValidation.rst,36,38,74,Nablarch Validationに対応したForm/Entityのクラス単体テスト > Form/Entity単体テストの書き方 > テストクラスの作成,37,1,0,0
current-0016,ja/development_tools/testing_framework/guide/development_guide/05_UnitTestGuide/01_ClassUnitTest/01_entityUnitTest/02_entityUnitTestWithNablarchValidation.rst,75,77,285,Nablarch Validationに対応したForm/Entityのクラス単体テスト > Form/Entity単体テストの書き方 > 文字種と文字列長の単項目精査テストケース,209,3,6,1
current-0017,ja/development_tools/testing_framework/guide/development_guide/05_UnitTestGuide/01_ClassUnitTest/01_entityUnitTest/02_entityUnitTestWithNablarchValidation.rst,286,288,380,Nablarch Validationに対応したForm/Entityのクラス単体テスト > Form/Entity単体テストの書き方 > その他の単項目精査のテストケース,93,3,1,1
current-0018,ja/development_tools/testing_framework/guide/development_guide/05_UnitTestGuide/01_ClassUnitTest/01_entityUnitTest/02_entityUnitTestWithNablarchValidation.rst,381,383,553,Nablarch Validationに対応したForm/Entityのクラス単体テスト > Form/Entity単体テストの書き方 > バリデーションメソッドのテストケース,171,4,0,4
current-0019,ja/development_tools/testing_framework/guide/development_guide/05_UnitTestGuide/01_ClassUnitTest/01_entityUnitTest/02_entityUnitTestWithNablarchValidation.rst,554,556,676,Nablarch Validationに対応したForm/Entityのクラス単体テスト > Form/Entity単体テストの書き方 > コンストラクタに対するテストケース,121,2,1,2
current-0020,ja/development_tools/testing_framework/guide/development_guide/05_UnitTestGuide/01_ClassUnitTest/01_entityUnitTest/02_entityUnitTestWithNablarchValidation.rst,677,679,685,Nablarch Validationに対応したForm/Entityのクラス単体テスト > Form/Entity単体テストの書き方 > setter、getterに対するテストケース,7,0,0,0
current-0021,ja/development_tools/testing_framework/guide/development_guide/05_UnitTestGuide/01_ClassUnitTest/01_entityUnitTest/02_entityUnitTestWithNablarchValidation.rst,686,688,763,Nablarch Validationに対応したForm/Entityのクラス単体テスト > Form/Entity単体テストの書き方 > 自動テストフレームワーク設定値,76,2,1,0
current-0022,ja/development_tools/testing_framework/guide/development_guide/05_UnitTestGuide/01_ClassUnitTest/01_entityUnitTest/index.rst,1,1,2,(冒頭),2,0,0,0
current-0023,ja/development_tools/testing_framework/guide/development_guide/05_UnitTestGuide/01_ClassUnitTest/01_entityUnitTest/index.rst,4,6,12,Form/Entityの単体テスト,7,0,0,0
current-0024,ja/development_tools/testing_framework/guide/development_guide/05_UnitTestGuide/01_ClassUnitTest/02_componentUnitTest.rst,1,1,2,(冒頭),2,0,0,0
current-0025,ja/development_tools/testing_framework/guide/development_guide/05_UnitTestGuide/01_ClassUnitTest/02_componentUnitTest.rst,6,6,8,Action/Componentのクラス単体テスト > (L1直下),3,0,0,0
current-0026,ja/development_tools/testing_framework/guide/development_guide/05_UnitTestGuide/01_ClassUnitTest/02_componentUnitTest.rst,12,12,22,Action/Componentのクラス単体テスト > Action/Component単体テストの書き方 > (L2直下),11,0,0,0
current-0027,ja/development_tools/testing_framework/guide/development_guide/05_UnitTestGuide/01_ClassUnitTest/02_componentUnitTest.rst,23,25,39,Action/Componentのクラス単体テスト > Action/Component単体テストの書き方 > テストケース実行のパターン分け,15,0,1,0
current-0028,ja/development_tools/testing_framework/guide/development_guide/05_UnitTestGuide/01_ClassUnitTest/02_componentUnitTest.rst,40,42,355,Action/Componentのクラス単体テスト > Action/Component単体テストの書き方 > テストデータとテストクラスの作成,314,5,1,4
current-0029,ja/development_tools/testing_framework/guide/development_guide/05_UnitTestGuide/01_ClassUnitTest/index.rst,1,1,2,(冒頭),2,0,0,0
current-0030,ja/development_tools/testing_framework/guide/development_guide/05_UnitTestGuide/01_ClassUnitTest/index.rst,4,6,13,クラス単体テストの実施方法,8,0,0,0
current-0031,ja/development_tools/testing_framework/guide/development_guide/05_UnitTestGuide/02_RequestUnitTest/batch.rst,1,1,2,(冒頭),2,0,0,0
current-0032,ja/development_tools/testing_framework/guide/development_guide/05_UnitTestGuide/02_RequestUnitTest/batch.rst,8,10,29,リクエスト単体テストの実施方法(バッチ) > テストクラスの書き方,20,1,0,0
current-0033,ja/development_tools/testing_framework/guide/development_guide/05_UnitTestGuide/02_RequestUnitTest/batch.rst,31,33,52,リクエスト単体テストの実施方法(バッチ) > テストメソッド分割,20,0,0,0
current-0034,ja/development_tools/testing_framework/guide/development_guide/05_UnitTestGuide/02_RequestUnitTest/batch.rst,56,56,62,リクエスト単体テストの実施方法(バッチ) > テストデータの書き方 > (L2直下),7,0,0,0
current-0035,ja/development_tools/testing_framework/guide/development_guide/05_UnitTestGuide/02_RequestUnitTest/batch.rst,63,65,70,リクエスト単体テストの実施方法(バッチ) > テストデータの書き方 > テストクラスで共通のデータベース初期値,6,0,0,0
current-0036,ja/development_tools/testing_framework/guide/development_guide/05_UnitTestGuide/02_RequestUnitTest/batch.rst,71,73,167,リクエスト単体テストの実施方法(バッチ) > テストデータの書き方 > テストケース一覧,95,1,4,0
current-0037,ja/development_tools/testing_framework/guide/development_guide/05_UnitTestGuide/02_RequestUnitTest/batch.rst,168,170,446,リクエスト単体テストの実施方法(バッチ) > テストデータの書き方 > 各種準備データ,277,1,5,0
current-0038,ja/development_tools/testing_framework/guide/development_guide/05_UnitTestGuide/02_RequestUnitTest/batch.rst,447,449,482,リクエスト単体テストの実施方法(バッチ) > テストデータの書き方 > 各種期待値,34,0,0,0
current-0039,ja/development_tools/testing_framework/guide/development_guide/05_UnitTestGuide/02_RequestUnitTest/batch.rst,487,489,493,リクエスト単体テストの実施方法(バッチ) > テストメソッドの書き方 > スーパクラスについて,5,0,0,0
current-0040,ja/development_tools/testing_framework/guide/development_guide/05_UnitTestGuide/02_RequestUnitTest/batch.rst,494,496,506,リクエスト単体テストの実施方法(バッチ) > テストメソッドの書き方 > テストメソッド作成,11,1,0,0
current-0041,ja/development_tools/testing_framework/guide/development_guide/05_UnitTestGuide/02_RequestUnitTest/batch.rst,507,509,528,リクエスト単体テストの実施方法(バッチ) > テストメソッドの書き方 > スーパクラスのメソッド呼び出し,20,1,0,0
current-0042,ja/development_tools/testing_framework/guide/development_guide/05_UnitTestGuide/02_RequestUnitTest/batch.rst,530,532,535,リクエスト単体テストの実施方法(バッチ) > テスト起動方法,4,0,0,0
current-0043,ja/development_tools/testing_framework/guide/development_guide/05_UnitTestGuide/02_RequestUnitTest/batch.rst,542,544,549,リクエスト単体テストの実施方法(バッチ) > テスト結果検証 > データベースの結果検証,6,0,0,0
current-0044,ja/development_tools/testing_framework/guide/development_guide/05_UnitTestGuide/02_RequestUnitTest/batch.rst,550,552,567,リクエスト単体テストの実施方法(バッチ) > テスト結果検証 > ファイルの結果検証,16,0,1,0
current-0045,ja/development_tools/testing_framework/guide/development_guide/05_UnitTestGuide/02_RequestUnitTest/batch.rst,568,570,619,リクエスト単体テストの実施方法(バッチ) > テスト結果検証 > ログの結果検証,50,0,2,0
current-0046,ja/development_tools/testing_framework/guide/development_guide/05_UnitTestGuide/02_RequestUnitTest/delayed_receive.rst,8,8,12,リクエスト単体テストの実施方法（応答不要メッセージ受信処理） > 概要 > (L2直下),5,0,0,0
current-0047,ja/development_tools/testing_framework/guide/development_guide/05_UnitTestGuide/02_RequestUnitTest/delayed_receive.rst,13,15,18,リクエスト単体テストの実施方法（応答不要メッセージ受信処理） > 概要 > テスト対象の成果物,4,0,0,0
current-0048,ja/development_tools/testing_framework/guide/development_guide/05_UnitTestGuide/02_RequestUnitTest/delayed_receive.rst,20,22,38,リクエスト単体テストの実施方法（応答不要メッセージ受信処理） > テストクラスの書き方,17,1,0,0
current-0049,ja/development_tools/testing_framework/guide/development_guide/05_UnitTestGuide/02_RequestUnitTest/delayed_receive.rst,42,42,47,リクエスト単体テストの実施方法（応答不要メッセージ受信処理） > テストデータの書き方 > (L2直下),6,0,0,0
current-0050,ja/development_tools/testing_framework/guide/development_guide/05_UnitTestGuide/02_RequestUnitTest/delayed_receive.rst,48,50,56,リクエスト単体テストの実施方法（応答不要メッセージ受信処理） > テストデータの書き方 > 各種期待値,7,0,0,0
current-0051,ja/development_tools/testing_framework/guide/development_guide/05_UnitTestGuide/02_RequestUnitTest/delayed_send.rst,8,8,12,リクエスト単体テストの実施方法（応答不要メッセージ送信処理） > 概要 > (L2直下),5,0,0,0
current-0052,ja/development_tools/testing_framework/guide/development_guide/05_UnitTestGuide/02_RequestUnitTest/delayed_send.rst,13,15,22,リクエスト単体テストの実施方法（応答不要メッセージ送信処理） > 概要 > テスト対象の成果物,8,0,0,0
current-0053,ja/development_tools/testing_framework/guide/development_guide/05_UnitTestGuide/02_RequestUnitTest/delayed_send.rst,24,26,43,リクエスト単体テストの実施方法（応答不要メッセージ送信処理） > テストクラスの書き方,18,1,0,0
current-0054,ja/development_tools/testing_framework/guide/development_guide/05_UnitTestGuide/02_RequestUnitTest/delayed_send.rst,47,47,51,リクエスト単体テストの実施方法（応答不要メッセージ送信処理） > テストデータの書き方 > (L2直下),5,0,0,0
current-0055,ja/development_tools/testing_framework/guide/development_guide/05_UnitTestGuide/02_RequestUnitTest/delayed_send.rst,52,54,118,リクエスト単体テストの実施方法（応答不要メッセージ送信処理） > テストデータの書き方 > 要求電文の期待値および、返却する応答電文（レスポンスメッセージ）の準備,65,2,0,2
current-0056,ja/development_tools/testing_framework/guide/development_guide/05_UnitTestGuide/02_RequestUnitTest/double_transmission.rst,1,1,2,(冒頭),2,0,0,0
current-0057,ja/development_tools/testing_framework/guide/development_guide/05_UnitTestGuide/02_RequestUnitTest/double_transmission.rst,6,6,12,二重サブミット防止機能のテスト実施方法 > (L1直下),7,0,0,0
current-0058,ja/development_tools/testing_framework/guide/development_guide/05_UnitTestGuide/02_RequestUnitTest/double_transmission.rst,14,16,23,二重サブミット防止機能のテスト実施方法 > リクエスト単体テストでの二重サブミット防止機能のテスト実施方法,8,0,0,0
current-0059,ja/development_tools/testing_framework/guide/development_guide/05_UnitTestGuide/02_RequestUnitTest/double_transmission.rst,25,27,39,二重サブミット防止機能のテスト実施方法 > 取引単体テストでの二重サブミット防止機能のテスト実施方法,13,0,0,0
current-0060,ja/development_tools/testing_framework/guide/development_guide/05_UnitTestGuide/02_RequestUnitTest/fileupload.rst,4,4,13,リクエスト単体テストの実施方法(ファイルアップロード) > (L1直下),10,0,0,0
current-0061,ja/development_tools/testing_framework/guide/development_guide/05_UnitTestGuide/02_RequestUnitTest/fileupload.rst,14,16,28,リクエスト単体テストの実施方法(ファイルアップロード) > アップロードファイルの記述方法,13,1,0,0
current-0062,ja/development_tools/testing_framework/guide/development_guide/05_UnitTestGuide/02_RequestUnitTest/fileupload.rst,29,31,60,リクエスト単体テストの実施方法(ファイルアップロード) > バイナリファイルの場合,30,1,1,0
current-0063,ja/development_tools/testing_framework/guide/development_guide/05_UnitTestGuide/02_RequestUnitTest/fileupload.rst,61,63,112,リクエスト単体テストの実施方法(ファイルアップロード) > 固定長ファイル、CSVファイルの場合,50,0,3,0
current-0064,ja/development_tools/testing_framework/guide/development_guide/05_UnitTestGuide/02_RequestUnitTest/http_real.rst,4,4,8,リクエスト単体テストの実施方法（HTTP同期応答メッセージ受信処理） > (L1直下),5,0,0,0
current-0065,ja/development_tools/testing_framework/guide/development_guide/05_UnitTestGuide/02_RequestUnitTest/http_real.rst,13,15,41,リクエスト単体テストの実施方法（HTTP同期応答メッセージ受信処理） > テストデータの書き方 > テストショット一覧,27,0,1,0
current-0066,ja/development_tools/testing_framework/guide/development_guide/05_UnitTestGuide/02_RequestUnitTest/http_real.rst,42,44,159,リクエスト単体テストの実施方法（HTTP同期応答メッセージ受信処理） > テストデータの書き方 > 各種準備データ,116,1,0,0
current-0067,ja/development_tools/testing_framework/guide/development_guide/05_UnitTestGuide/02_RequestUnitTest/http_real.rst,160,162,177,リクエスト単体テストの実施方法（HTTP同期応答メッセージ受信処理） > テストデータの書き方 > 各種期待値,16,0,0,1
current-0068,ja/development_tools/testing_framework/guide/development_guide/05_UnitTestGuide/02_RequestUnitTest/http_send_sync.rst,1,1,2,(冒頭),2,0,0,0
current-0069,ja/development_tools/testing_framework/guide/development_guide/05_UnitTestGuide/02_RequestUnitTest/http_send_sync.rst,6,6,15,リクエスト単体テストの実施方法(HTTP同期応答メッセージ送信処理) > (L1直下),10,0,0,0
current-0070,ja/development_tools/testing_framework/guide/development_guide/05_UnitTestGuide/02_RequestUnitTest/http_send_sync.rst,20,22,51,リクエスト単体テストの実施方法(HTTP同期応答メッセージ送信処理) > テストデータの書き方 > 電文を1回送信する場合の要求電文の期待値および、返却する応答電文（レスポンスメッセージ）の例,30,0,0,2
current-0071,ja/development_tools/testing_framework/guide/development_guide/05_UnitTestGuide/02_RequestUnitTest/http_send_sync.rst,52,54,103,リクエスト単体テストの実施方法(HTTP同期応答メッセージ送信処理) > テストデータの書き方 > 電文を2回以上送信する場合の要求電文の期待値および、返却する応答電文（レスポンスメッセージ）の例,50,0,0,2
current-0072,ja/development_tools/testing_framework/guide/development_guide/05_UnitTestGuide/02_RequestUnitTest/http_send_sync.rst,104,106,132,リクエスト単体テストの実施方法(HTTP同期応答メッセージ送信処理) > テストデータの書き方 > モックアップを使用するための記述,27,0,0,2
current-0073,ja/development_tools/testing_framework/guide/development_guide/05_UnitTestGuide/02_RequestUnitTest/http_send_sync.rst,133,135,139,リクエスト単体テストの実施方法(HTTP同期応答メッセージ送信処理) > テストデータの書き方 > 要求電文のアサート,5,0,0,0
current-0074,ja/development_tools/testing_framework/guide/development_guide/05_UnitTestGuide/02_RequestUnitTest/http_send_sync.rst,143,143,146,リクエスト単体テストの実施方法(HTTP同期応答メッセージ送信処理) > フレームワークで使用するクラスの設定 > (L2直下),4,0,0,0
current-0075,ja/development_tools/testing_framework/guide/development_guide/05_UnitTestGuide/02_RequestUnitTest/http_send_sync.rst,147,149,164,リクエスト単体テストの実施方法(HTTP同期応答メッセージ送信処理) > フレームワークで使用するクラスの設定 > モックアップクラスの設定,16,1,0,0
current-0076,ja/development_tools/testing_framework/guide/development_guide/05_UnitTestGuide/02_RequestUnitTest/index.rst,1,1,2,(冒頭),2,0,0,0
current-0077,ja/development_tools/testing_framework/guide/development_guide/05_UnitTestGuide/02_RequestUnitTest/index.rst,9,11,37,リクエスト単体テストの実施方法 > テストクラスの書き方,27,1,0,0
current-0078,ja/development_tools/testing_framework/guide/development_guide/05_UnitTestGuide/02_RequestUnitTest/index.rst,39,41,70,リクエスト単体テストの実施方法 > テストメソッド分割,30,0,1,0
current-0079,ja/development_tools/testing_framework/guide/development_guide/05_UnitTestGuide/02_RequestUnitTest/index.rst,74,74,82,リクエスト単体テストの実施方法 > テストデータの書き方 > (L2直下),9,0,0,0
current-0080,ja/development_tools/testing_framework/guide/development_guide/05_UnitTestGuide/02_RequestUnitTest/index.rst,83,85,96,リクエスト単体テストの実施方法 > テストデータの書き方 > テストクラスで共通のデータベース初期値,12,0,0,1
current-0081,ja/development_tools/testing_framework/guide/development_guide/05_UnitTestGuide/02_RequestUnitTest/index.rst,97,99,193,リクエスト単体テストの実施方法 > テストデータの書き方 > テストケース一覧,95,0,1,1
current-0082,ja/development_tools/testing_framework/guide/development_guide/05_UnitTestGuide/02_RequestUnitTest/index.rst,194,196,212,リクエスト単体テストの実施方法 > テストデータの書き方 > ユーザ情報,17,0,0,2
current-0083,ja/development_tools/testing_framework/guide/development_guide/05_UnitTestGuide/02_RequestUnitTest/index.rst,213,215,228,リクエスト単体テストの実施方法 > テストデータの書き方 > Cookie情報,14,0,0,1
current-0084,ja/development_tools/testing_framework/guide/development_guide/05_UnitTestGuide/02_RequestUnitTest/index.rst,229,231,243,リクエスト単体テストの実施方法 > テストデータの書き方 > クエリパラメータ情報,13,0,0,1
current-0085,ja/development_tools/testing_framework/guide/development_guide/05_UnitTestGuide/02_RequestUnitTest/index.rst,244,246,304,リクエスト単体テストの実施方法 > テストデータの書き方 > リクエストパラメータ,59,0,3,2
current-0086,ja/development_tools/testing_framework/guide/development_guide/05_UnitTestGuide/02_RequestUnitTest/index.rst,305,307,333,リクエスト単体テストの実施方法 > テストデータの書き方 > 各種期待値,27,0,0,2
current-0087,ja/development_tools/testing_framework/guide/development_guide/05_UnitTestGuide/02_RequestUnitTest/index.rst,338,340,381,リクエスト単体テストの実施方法 > テストメソッドの書き方 > スーパクラスについて,42,1,0,0
current-0088,ja/development_tools/testing_framework/guide/development_guide/05_UnitTestGuide/02_RequestUnitTest/index.rst,382,384,395,リクエスト単体テストの実施方法 > テストメソッドの書き方 > テストメソッド作成,12,1,0,0
current-0089,ja/development_tools/testing_framework/guide/development_guide/05_UnitTestGuide/02_RequestUnitTest/index.rst,396,398,652,リクエスト単体テストの実施方法 > テストメソッドの書き方 > スーパクラスのメソッド呼び出し,255,8,0,1
current-0090,ja/development_tools/testing_framework/guide/development_guide/05_UnitTestGuide/02_RequestUnitTest/index.rst,653,655,694,リクエスト単体テストの実施方法 > テストメソッドの書き方 > ダウンロードファイルのテスト,40,2,0,1
current-0091,ja/development_tools/testing_framework/guide/development_guide/05_UnitTestGuide/02_RequestUnitTest/index.rst,696,698,701,リクエスト単体テストの実施方法 > テスト起動方法,4,0,0,0
current-0092,ja/development_tools/testing_framework/guide/development_guide/05_UnitTestGuide/02_RequestUnitTest/index.rst,705,705,716,リクエスト単体テストの実施方法 > テスト結果確認（目視） > (L2直下),12,0,0,0
current-0093,ja/development_tools/testing_framework/guide/development_guide/05_UnitTestGuide/02_RequestUnitTest/index.rst,717,719,730,リクエスト単体テストの実施方法 > テスト結果確認（目視） > HTMLダンプ出力結果,12,0,0,1
current-0094,ja/development_tools/testing_framework/guide/development_guide/05_UnitTestGuide/02_RequestUnitTest/index.rst,734,734,737,リクエスト単体テストの実施方法 > リクエスト単体テストクラス作成時の注意点 > (L2直下),4,0,0,0
current-0095,ja/development_tools/testing_framework/guide/development_guide/05_UnitTestGuide/02_RequestUnitTest/index.rst,738,740,747,リクエスト単体テストの実施方法 > リクエスト単体テストクラス作成時の注意点 > ThreadContextへの値設定は不要,8,0,0,0
current-0096,ja/development_tools/testing_framework/guide/development_guide/05_UnitTestGuide/02_RequestUnitTest/index.rst,748,750,755,リクエスト単体テストの実施方法 > リクエスト単体テストクラス作成時の注意点 > テストクラスでのトランザクション制御は不要,6,0,0,0
current-0097,ja/development_tools/testing_framework/guide/development_guide/05_UnitTestGuide/02_RequestUnitTest/mail.rst,1,1,2,(冒頭),2,0,0,0
current-0098,ja/development_tools/testing_framework/guide/development_guide/05_UnitTestGuide/02_RequestUnitTest/mail.rst,7,9,20,リクエスト単体テストの実施方法(メール送信) > メール送信処理の構造とテスト範囲,12,0,0,1
current-0099,ja/development_tools/testing_framework/guide/development_guide/05_UnitTestGuide/02_RequestUnitTest/mail.rst,21,23,28,リクエスト単体テストの実施方法(メール送信) > テストの実施方法,6,0,0,0
current-0100,ja/development_tools/testing_framework/guide/development_guide/05_UnitTestGuide/02_RequestUnitTest/real.rst,1,1,2,(冒頭),2,0,0,0
current-0101,ja/development_tools/testing_framework/guide/development_guide/05_UnitTestGuide/02_RequestUnitTest/real.rst,8,10,29,リクエスト単体テストの実施方法(同期応答メッセージ受信処理) > テストクラスの書き方,20,1,0,0
current-0102,ja/development_tools/testing_framework/guide/development_guide/05_UnitTestGuide/02_RequestUnitTest/real.rst,31,33,37,リクエスト単体テストの実施方法(同期応答メッセージ受信処理) > テストメソッド分割,5,0,0,0
current-0103,ja/development_tools/testing_framework/guide/development_guide/05_UnitTestGuide/02_RequestUnitTest/real.rst,41,41,47,リクエスト単体テストの実施方法(同期応答メッセージ受信処理) > テストデータの書き方 > (L2直下),7,0,0,0
current-0104,ja/development_tools/testing_framework/guide/development_guide/05_UnitTestGuide/02_RequestUnitTest/real.rst,48,50,53,リクエスト単体テストの実施方法(同期応答メッセージ受信処理) > テストデータの書き方 > テストクラスで共通のデータベース初期値,4,0,0,0
current-0105,ja/development_tools/testing_framework/guide/development_guide/05_UnitTestGuide/02_RequestUnitTest/real.rst,54,56,96,リクエスト単体テストの実施方法(同期応答メッセージ受信処理) > テストデータの書き方 > テストショット一覧,41,0,1,0
current-0106,ja/development_tools/testing_framework/guide/development_guide/05_UnitTestGuide/02_RequestUnitTest/real.rst,97,99,208,リクエスト単体テストの実施方法(同期応答メッセージ受信処理) > テストデータの書き方 > 各種準備データ,110,1,0,2
current-0107,ja/development_tools/testing_framework/guide/development_guide/05_UnitTestGuide/02_RequestUnitTest/real.rst,209,211,253,リクエスト単体テストの実施方法(同期応答メッセージ受信処理) > テストデータの書き方 > 各種期待値,43,1,0,0
current-0108,ja/development_tools/testing_framework/guide/development_guide/05_UnitTestGuide/02_RequestUnitTest/real.rst,258,260,264,リクエスト単体テストの実施方法(同期応答メッセージ受信処理) > テストメソッドの書き方 > スーパクラスについて,5,0,0,0
current-0109,ja/development_tools/testing_framework/guide/development_guide/05_UnitTestGuide/02_RequestUnitTest/real.rst,265,267,277,リクエスト単体テストの実施方法(同期応答メッセージ受信処理) > テストメソッドの書き方 > テストメソッド作成,11,1,0,0
current-0110,ja/development_tools/testing_framework/guide/development_guide/05_UnitTestGuide/02_RequestUnitTest/real.rst,278,280,300,リクエスト単体テストの実施方法(同期応答メッセージ受信処理) > テストメソッドの書き方 > スーパクラスのメソッド呼び出し,21,1,0,0
current-0111,ja/development_tools/testing_framework/guide/development_guide/05_UnitTestGuide/02_RequestUnitTest/real.rst,302,304,307,リクエスト単体テストの実施方法(同期応答メッセージ受信処理) > テスト起動方法,4,0,0,0
current-0112,ja/development_tools/testing_framework/guide/development_guide/05_UnitTestGuide/02_RequestUnitTest/real.rst,309,311,320,リクエスト単体テストの実施方法(同期応答メッセージ受信処理) > テスト結果検証,10,0,0,0
current-0113,ja/development_tools/testing_framework/guide/development_guide/05_UnitTestGuide/02_RequestUnitTest/rest.rst,5,7,11,リクエスト単体テストの実施方法 > 前提条件,5,0,0,0
current-0114,ja/development_tools/testing_framework/guide/development_guide/05_UnitTestGuide/02_RequestUnitTest/rest.rst,14,14,52,リクエスト単体テストの実施方法 > テストクラスの書き方 > (L2直下),39,1,0,0
current-0115,ja/development_tools/testing_framework/guide/development_guide/05_UnitTestGuide/02_RequestUnitTest/rest.rst,53,55,61,リクエスト単体テストの実施方法 > テストクラスの書き方 > フレームワークで用意されたテストクラスのスーパークラスを継承する,7,0,0,0
current-0116,ja/development_tools/testing_framework/guide/development_guide/05_UnitTestGuide/02_RequestUnitTest/rest.rst,62,64,65,リクエスト単体テストの実施方法 > テストクラスの書き方 > JUnit4のアノテーションを使用する,2,0,0,0
current-0117,ja/development_tools/testing_framework/guide/development_guide/05_UnitTestGuide/02_RequestUnitTest/rest.rst,66,68,69,リクエスト単体テストの実施方法 > テストクラスの書き方 > 事前準備補助機能を使ってリクエストを生成する,2,0,0,0
current-0118,ja/development_tools/testing_framework/guide/development_guide/05_UnitTestGuide/02_RequestUnitTest/rest.rst,70,72,73,リクエスト単体テストの実施方法 > テストクラスの書き方 > リクエストを送信する,2,0,0,0
current-0119,ja/development_tools/testing_framework/guide/development_guide/05_UnitTestGuide/02_RequestUnitTest/rest.rst,74,76,80,リクエスト単体テストの実施方法 > テストクラスの書き方 > 結果を確認する,5,0,0,0
current-0120,ja/development_tools/testing_framework/guide/development_guide/05_UnitTestGuide/02_RequestUnitTest/rest.rst,83,83,106,リクエスト単体テストの実施方法 > テストデータの書き方 > (L2直下),24,1,0,0
current-0121,ja/development_tools/testing_framework/guide/development_guide/05_UnitTestGuide/02_RequestUnitTest/rest.rst,107,109,111,リクエスト単体テストの実施方法 > テストデータの書き方 > テストクラスで共通のデータベース初期値,3,0,0,0
current-0122,ja/development_tools/testing_framework/guide/development_guide/05_UnitTestGuide/02_RequestUnitTest/rest.rst,112,114,118,リクエスト単体テストの実施方法 > テストデータの書き方 > テストメソッド毎のデータベース初期値,5,0,0,0
current-0123,ja/development_tools/testing_framework/guide/development_guide/05_UnitTestGuide/02_RequestUnitTest/send_sync.rst,1,1,2,(冒頭),2,0,0,0
current-0124,ja/development_tools/testing_framework/guide/development_guide/05_UnitTestGuide/02_RequestUnitTest/send_sync.rst,8,10,61,リクエスト単体テストの実施方法(同期応答メッセージ送信処理) > 出力ライブラリ(同期応答メッセージ送信処理)の構造とテスト範囲,52,0,0,2
current-0125,ja/development_tools/testing_framework/guide/development_guide/05_UnitTestGuide/02_RequestUnitTest/send_sync.rst,64,64,73,リクエスト単体テストの実施方法(同期応答メッセージ送信処理) > テストの実施方法 > (L2直下),10,0,0,0
current-0126,ja/development_tools/testing_framework/guide/development_guide/05_UnitTestGuide/02_RequestUnitTest/send_sync.rst,75,77,288,リクエスト単体テストの実施方法(同期応答メッセージ送信処理) > テストの実施方法 > テストデータの書き方,212,0,4,4
current-0127,ja/development_tools/testing_framework/guide/development_guide/05_UnitTestGuide/02_RequestUnitTest/send_sync.rst,290,292,296,リクエスト単体テストの実施方法(同期応答メッセージ送信処理) > テストの実施方法 > テスト結果検証,5,0,0,0
current-0128,ja/development_tools/testing_framework/guide/development_guide/05_UnitTestGuide/03_DealUnitTest/batch.rst,4,4,25,取引単体テストの実施方法（バッチ） > (L1直下),22,1,0,0
current-0129,ja/development_tools/testing_framework/guide/development_guide/05_UnitTestGuide/03_DealUnitTest/batch.rst,28,28,32,取引単体テストの実施方法（バッチ） > テストケース分割方針 > (L2直下),5,0,0,0
current-0130,ja/development_tools/testing_framework/guide/development_guide/05_UnitTestGuide/03_DealUnitTest/batch.rst,33,35,41,取引単体テストの実施方法（バッチ） > テストケース分割方針 > 複雑なテストケースの場合,7,0,0,0
current-0131,ja/development_tools/testing_framework/guide/development_guide/05_UnitTestGuide/03_DealUnitTest/batch.rst,42,44,48,取引単体テストの実施方法（バッチ） > テストケース分割方針 > 非常に簡単なテストケースの場合,5,0,0,0
current-0132,ja/development_tools/testing_framework/guide/development_guide/05_UnitTestGuide/03_DealUnitTest/batch.rst,49,51,79,取引単体テストの実施方法（バッチ） > 基本的な記述方法,29,1,1,0
current-0133,ja/development_tools/testing_framework/guide/development_guide/05_UnitTestGuide/03_DealUnitTest/batch.rst,80,82,146,取引単体テストの実施方法（バッチ） > 1テストケースを複数シートに分割する場合,65,1,4,0
current-0134,ja/development_tools/testing_framework/guide/development_guide/05_UnitTestGuide/03_DealUnitTest/batch.rst,147,149,183,取引単体テストの実施方法（バッチ） > 1シートに複数ケースを含める場合,35,1,1,0
current-0135,ja/development_tools/testing_framework/guide/development_guide/05_UnitTestGuide/03_DealUnitTest/delayed_receive.rst,2,4,7,取引単体テストの実施方法（応答不要メッセージ受信処理）,4,0,0,0
current-0136,ja/development_tools/testing_framework/guide/development_guide/05_UnitTestGuide/03_DealUnitTest/delayed_send.rst,2,4,7,取引単体テストの実施方法（応答不要メッセージ送信処理）,4,0,0,0
current-0137,ja/development_tools/testing_framework/guide/development_guide/05_UnitTestGuide/03_DealUnitTest/http_send_sync.rst,1,1,2,(冒頭),2,0,0,0
current-0138,ja/development_tools/testing_framework/guide/development_guide/05_UnitTestGuide/03_DealUnitTest/http_send_sync.rst,6,6,15,HTTP同期応答メッセージ送信処理を伴う取引単体テストの実施方法 > (L1直下),10,0,0,0
current-0139,ja/development_tools/testing_framework/guide/development_guide/05_UnitTestGuide/03_DealUnitTest/http_send_sync.rst,22,24,46,HTTP同期応答メッセージ送信処理を伴う取引単体テストの実施方法 > モックアップクラスを使用した取引単体テストの実施方法 > Excelファイルの書き方,23,0,0,1
current-0140,ja/development_tools/testing_framework/guide/development_guide/05_UnitTestGuide/03_DealUnitTest/http_send_sync.rst,48,50,69,HTTP同期応答メッセージ送信処理を伴う取引単体テストの実施方法 > モックアップクラスを使用した取引単体テストの実施方法 > フレームワークで使用するクラスの設定,20,1,0,0
current-0141,ja/development_tools/testing_framework/guide/development_guide/05_UnitTestGuide/03_DealUnitTest/index.rst,1,1,2,(冒頭),2,0,0,0
current-0142,ja/development_tools/testing_framework/guide/development_guide/05_UnitTestGuide/03_DealUnitTest/index.rst,6,6,13,取引単体テストの実施方法 > (L1直下),8,0,0,0
current-0143,ja/development_tools/testing_framework/guide/development_guide/05_UnitTestGuide/03_DealUnitTest/index.rst,14,16,23,取引単体テストの実施方法 > テスト準備,8,0,0,0
current-0144,ja/development_tools/testing_framework/guide/development_guide/05_UnitTestGuide/03_DealUnitTest/index.rst,24,26,33,取引単体テストの実施方法 > テスト実施,8,0,0,0
current-0145,ja/development_tools/testing_framework/guide/development_guide/05_UnitTestGuide/03_DealUnitTest/index.rst,34,36,46,取引単体テストの実施方法 > テスト結果エビデンスの収集,11,0,0,0
current-0146,ja/development_tools/testing_framework/guide/development_guide/05_UnitTestGuide/03_DealUnitTest/index.rst,47,49,58,取引単体テストの実施方法 > テスト結果エビデンスの収集,10,0,0,0
current-0147,ja/development_tools/testing_framework/guide/development_guide/05_UnitTestGuide/03_DealUnitTest/real.rst,2,4,36,取引単体テストの実施方法（同期応答メッセージ受信処理),33,1,0,0
current-0148,ja/development_tools/testing_framework/guide/development_guide/05_UnitTestGuide/03_DealUnitTest/rest.rst,4,4,8,取引単体テストの実施方法 > (L1直下),5,0,0,0
current-0149,ja/development_tools/testing_framework/guide/development_guide/05_UnitTestGuide/03_DealUnitTest/rest.rst,9,11,37,取引単体テストの実施方法 > 取引単体テストのテストクラス例,27,1,0,0
current-0150,ja/development_tools/testing_framework/guide/development_guide/05_UnitTestGuide/03_DealUnitTest/rest.rst,40,40,43,取引単体テストの実施方法 > Cookieなど前のレスポンスの情報を引き継ぐ方法 > (L2直下),4,0,0,0
current-0151,ja/development_tools/testing_framework/guide/development_guide/05_UnitTestGuide/03_DealUnitTest/rest.rst,44,46,65,取引単体テストの実施方法 > Cookieなど前のレスポンスの情報を引き継ぐ方法 > ``RequestResponseProcessor`` の実装クラスを作成する,20,0,0,0
current-0152,ja/development_tools/testing_framework/guide/development_guide/05_UnitTestGuide/03_DealUnitTest/rest.rst,66,68,95,取引単体テストの実施方法 > Cookieなど前のレスポンスの情報を引き継ぐ方法 > コンポーネント設定ファイルに ``defaultProcessor`` という名前で実装クラスを設定する,28,2,0,0
current-0153,ja/development_tools/testing_framework/guide/development_guide/05_UnitTestGuide/03_DealUnitTest/send_sync.rst,1,1,2,(冒頭),2,0,0,0
current-0154,ja/development_tools/testing_framework/guide/development_guide/05_UnitTestGuide/03_DealUnitTest/send_sync.rst,6,6,46,同期応答メッセージ送信処理を伴う取引単体テストの実施方法 > (L1直下),41,0,0,2
current-0155,ja/development_tools/testing_framework/guide/development_guide/05_UnitTestGuide/03_DealUnitTest/send_sync.rst,50,50,63,同期応答メッセージ送信処理を伴う取引単体テストの実施方法 > モックアップクラスを使用した取引単体テストの実施方法 > (L2直下),14,0,0,0
current-0156,ja/development_tools/testing_framework/guide/development_guide/05_UnitTestGuide/03_DealUnitTest/send_sync.rst,65,67,220,同期応答メッセージ送信処理を伴う取引単体テストの実施方法 > モックアップクラスを使用した取引単体テストの実施方法 > Excelファイルの書き方,154,0,4,4
current-0157,ja/development_tools/testing_framework/guide/development_guide/05_UnitTestGuide/03_DealUnitTest/send_sync.rst,222,224,276,同期応答メッセージ送信処理を伴う取引単体テストの実施方法 > モックアップクラスを使用した取引単体テストの実施方法 > 要求電文のログ出力,53,3,0,0
current-0158,ja/development_tools/testing_framework/guide/development_guide/05_UnitTestGuide/03_DealUnitTest/send_sync.rst,278,280,383,同期応答メッセージ送信処理を伴う取引単体テストの実施方法 > モックアップクラスを使用した取引単体テストの実施方法 > フレームワークで使用するクラスの設定,104,4,0,1
current-0159,ja/development_tools/testing_framework/guide/development_guide/05_UnitTestGuide/index.rst,1,1,2,(冒頭),2,0,0,0
current-0160,ja/development_tools/testing_framework/guide/development_guide/05_UnitTestGuide/index.rst,4,6,106,単体テスト実施方法,101,0,0,0
current-0161,ja/development_tools/testing_framework/guide/development_guide/06_TestFWGuide/01_Abstract.rst,1,1,2,(冒頭),2,0,0,0
current-0162,ja/development_tools/testing_framework/guide/development_guide/06_TestFWGuide/01_Abstract.rst,11,13,20,自動テストフレームワーク > 特徴 > JUnit4ベース,8,0,0,0
current-0163,ja/development_tools/testing_framework/guide/development_guide/06_TestFWGuide/01_Abstract.rst,21,23,27,自動テストフレームワーク > 特徴 > テストデータの外部化,5,0,0,0
current-0164,ja/development_tools/testing_framework/guide/development_guide/06_TestFWGuide/01_Abstract.rst,28,30,135,自動テストフレームワーク > 特徴 > Nablarchに特化したテスト補助機能を提供,106,0,0,0
current-0165,ja/development_tools/testing_framework/guide/development_guide/06_TestFWGuide/01_Abstract.rst,137,139,166,自動テストフレームワーク > 自動テストフレームワークの構成,28,0,1,1
current-0166,ja/development_tools/testing_framework/guide/development_guide/06_TestFWGuide/01_Abstract.rst,168,170,194,自動テストフレームワーク > テストメソッド記述方法,25,1,0,0
current-0167,ja/development_tools/testing_framework/guide/development_guide/06_TestFWGuide/01_Abstract.rst,198,198,202,自動テストフレームワーク > Excelによるテストデータ記述 > (L2直下),5,0,0,0
current-0168,ja/development_tools/testing_framework/guide/development_guide/06_TestFWGuide/01_Abstract.rst,203,205,255,自動テストフレームワーク > Excelによるテストデータ記述 > 命名規約,51,0,3,0
current-0169,ja/development_tools/testing_framework/guide/development_guide/06_TestFWGuide/01_Abstract.rst,256,258,325,自動テストフレームワーク > Excelによるテストデータ記述 > シート内の構造,68,0,1,1
current-0170,ja/development_tools/testing_framework/guide/development_guide/06_TestFWGuide/01_Abstract.rst,326,328,347,自動テストフレームワーク > Excelによるテストデータ記述 > コメント,20,0,1,0
current-0171,ja/development_tools/testing_framework/guide/development_guide/06_TestFWGuide/01_Abstract.rst,348,350,390,自動テストフレームワーク > Excelによるテストデータ記述 > マーカーカラム,41,0,1,0
current-0172,ja/development_tools/testing_framework/guide/development_guide/06_TestFWGuide/01_Abstract.rst,391,393,402,自動テストフレームワーク > Excelによるテストデータ記述 > セルの書式,10,0,0,0
current-0173,ja/development_tools/testing_framework/guide/development_guide/06_TestFWGuide/01_Abstract.rst,403,405,445,自動テストフレームワーク > Excelによるテストデータ記述 > 日付の記述方法,41,0,2,0
current-0174,ja/development_tools/testing_framework/guide/development_guide/06_TestFWGuide/01_Abstract.rst,446,448,580,自動テストフレームワーク > Excelによるテストデータ記述 > セルへの特殊な記述方法,133,0,5,0
current-0175,ja/development_tools/testing_framework/guide/development_guide/06_TestFWGuide/01_Abstract.rst,585,587,612,自動テストフレームワーク > 注意事項 > テストメソッドの実行順序に依存しないテストを作成する,26,0,0,0
current-0176,ja/development_tools/testing_framework/guide/development_guide/06_TestFWGuide/01_Abstract.rst,613,615,624,自動テストフレームワーク > 注意事項 > テストデータは全てExcelシートに記述する,10,0,0,0
current-0177,ja/development_tools/testing_framework/guide/development_guide/06_TestFWGuide/01_Abstract.rst,625,627,664,自動テストフレームワーク > 注意事項 > 複数のデータタイプ使用時はデータタイプごとにまとめてデータを記述する,38,2,0,0
current-0178,ja/development_tools/testing_framework/guide/development_guide/06_TestFWGuide/01_Abstract.rst,669,671,688,自動テストフレームワーク > JUnit 5で自動テストフレームワークを動かす > JUnit Vintage,18,0,0,0
current-0179,ja/development_tools/testing_framework/guide/development_guide/06_TestFWGuide/01_Abstract.rst,689,691,695,自動テストフレームワーク > JUnit 5で自動テストフレームワークを動かす > 前提条件,5,0,0,0
current-0180,ja/development_tools/testing_framework/guide/development_guide/06_TestFWGuide/01_Abstract.rst,696,698,739,自動テストフレームワーク > JUnit 5で自動テストフレームワークを動かす > 依存関係の追加,42,1,0,0
current-0181,ja/development_tools/testing_framework/guide/development_guide/06_TestFWGuide/02_DbAccessTest.rst,8,8,15,データベースを使用するクラスのテスト > 概要 > (L2直下),8,0,0,0
current-0182,ja/development_tools/testing_framework/guide/development_guide/06_TestFWGuide/02_DbAccessTest.rst,16,18,44,データベースを使用するクラスのテスト > 概要 > 全体像,27,0,1,1
current-0183,ja/development_tools/testing_framework/guide/development_guide/06_TestFWGuide/02_DbAccessTest.rst,48,48,52,データベースを使用するクラスのテスト > 基本的なテスト方法 > (L2直下),5,0,0,0
current-0184,ja/development_tools/testing_framework/guide/development_guide/06_TestFWGuide/02_DbAccessTest.rst,53,55,165,データベースを使用するクラスのテスト > 基本的なテスト方法 > 参照系のテスト,111,1,4,1
current-0185,ja/development_tools/testing_framework/guide/development_guide/06_TestFWGuide/02_DbAccessTest.rst,166,168,268,データベースを使用するクラスのテスト > 基本的なテスト方法 > 更新系のテスト,101,1,3,1
current-0186,ja/development_tools/testing_framework/guide/development_guide/06_TestFWGuide/02_DbAccessTest.rst,272,272,291,データベースを使用するクラスのテスト > データベーステストデータの省略記述方法 > (L2直下),20,0,0,0
current-0187,ja/development_tools/testing_framework/guide/development_guide/06_TestFWGuide/02_DbAccessTest.rst,292,294,300,データベースを使用するクラスのテスト > データベーステストデータの省略記述方法 > DBに準備データのカラムを省略する場合,7,0,0,0
current-0188,ja/development_tools/testing_framework/guide/development_guide/06_TestFWGuide/02_DbAccessTest.rst,301,303,312,データベースを使用するクラスのテスト > データベーステストデータの省略記述方法 > DB期待値のカラムを省略する場合,10,0,0,0
current-0189,ja/development_tools/testing_framework/guide/development_guide/06_TestFWGuide/02_DbAccessTest.rst,313,315,426,データベースを使用するクラスのテスト > データベーステストデータの省略記述方法 > 具体例,112,0,1,0
current-0190,ja/development_tools/testing_framework/guide/development_guide/06_TestFWGuide/02_DbAccessTest.rst,427,429,443,データベースを使用するクラスのテスト > データベーステストデータの省略記述方法 > デフォルト値,15,0,1,0
current-0191,ja/development_tools/testing_framework/guide/development_guide/06_TestFWGuide/02_DbAccessTest.rst,444,446,495,データベースを使用するクラスのテスト > データベーステストデータの省略記述方法 > デフォルト値の変更方法,50,1,2,0
current-0192,ja/development_tools/testing_framework/guide/development_guide/06_TestFWGuide/02_DbAccessTest.rst,501,503,511,データベースを使用するクラスのテスト > 注意点 > setUpDbメソッドに関する注意点,9,0,0,0
current-0193,ja/development_tools/testing_framework/guide/development_guide/06_TestFWGuide/02_DbAccessTest.rst,512,514,524,データベースを使用するクラスのテスト > 注意点 > assertTableEqualsメソッドに関する注意点,11,0,0,0
current-0194,ja/development_tools/testing_framework/guide/development_guide/06_TestFWGuide/02_DbAccessTest.rst,525,527,535,データベースを使用するクラスのテスト > 注意点 > assertSqlResultSetEqualsメソッドに関する注意点,9,0,0,0
current-0195,ja/development_tools/testing_framework/guide/development_guide/06_TestFWGuide/02_DbAccessTest.rst,536,538,543,データベースを使用するクラスのテスト > 注意点 > クラス単体テストにおける登録・更新系テストの注意点,6,0,0,0
current-0196,ja/development_tools/testing_framework/guide/development_guide/06_TestFWGuide/02_DbAccessTest.rst,544,546,548,データベースを使用するクラスのテスト > 注意点 > 外部キーが設定されたテーブルにデータをセットアップしたい,3,0,0,0
current-0197,ja/development_tools/testing_framework/guide/development_guide/06_TestFWGuide/02_DbAccessTest.rst,549,551,554,データベースを使用するクラスのテスト > 注意点 > Excelファイルに記述できるカラムのデータ型に関する注意点,4,0,0,0
current-0198,ja/development_tools/testing_framework/guide/development_guide/06_TestFWGuide/02_RequestUnitTest.rst,1,1,2,(冒頭),2,0,0,0
current-0199,ja/development_tools/testing_framework/guide/development_guide/06_TestFWGuide/02_RequestUnitTest.rst,10,10,15,リクエスト単体テスト（ウェブアプリケーション） > 概要 > (L2直下),6,0,0,0
current-0200,ja/development_tools/testing_framework/guide/development_guide/06_TestFWGuide/02_RequestUnitTest.rst,16,18,23,リクエスト単体テスト（ウェブアプリケーション） > 概要 > 全体像,6,0,0,1
current-0201,ja/development_tools/testing_framework/guide/development_guide/06_TestFWGuide/02_RequestUnitTest.rst,24,26,62,"リクエスト単体テスト（ウェブアプリケーション） > 概要 > 主なクラス, リソース",37,0,1,0
current-0202,ja/development_tools/testing_framework/guide/development_guide/06_TestFWGuide/02_RequestUnitTest.rst,63,65,77,リクエスト単体テスト（ウェブアプリケーション） > 概要 > 前提事項,13,0,0,0
current-0203,ja/development_tools/testing_framework/guide/development_guide/06_TestFWGuide/02_RequestUnitTest.rst,82,84,90,リクエスト単体テスト（ウェブアプリケーション） > 構造 > BasicHttpRequestTestTemplate,7,0,0,0
current-0204,ja/development_tools/testing_framework/guide/development_guide/06_TestFWGuide/02_RequestUnitTest.rst,91,93,96,リクエスト単体テスト（ウェブアプリケーション） > 構造 > AbstractHttpRequestTestTemplate,4,0,0,0
current-0205,ja/development_tools/testing_framework/guide/development_guide/06_TestFWGuide/02_RequestUnitTest.rst,97,99,103,リクエスト単体テスト（ウェブアプリケーション） > 構造 > TestCaseInfo,5,0,0,0
current-0206,ja/development_tools/testing_framework/guide/development_guide/06_TestFWGuide/02_RequestUnitTest.rst,104,106,207,リクエスト単体テスト（ウェブアプリケーション） > 構造 > HttpRequestTestSupport,102,5,0,0
current-0207,ja/development_tools/testing_framework/guide/development_guide/06_TestFWGuide/02_RequestUnitTest.rst,208,210,247,リクエスト単体テスト（ウェブアプリケーション） > 構造 > 実行,38,1,0,0
current-0208,ja/development_tools/testing_framework/guide/development_guide/06_TestFWGuide/02_RequestUnitTest.rst,248,250,279,リクエスト単体テスト（ウェブアプリケーション） > 構造 > 結果確認,30,1,0,0
current-0209,ja/development_tools/testing_framework/guide/development_guide/06_TestFWGuide/02_RequestUnitTest.rst,280,282,302,リクエスト単体テスト（ウェブアプリケーション） > 構造 > HTMLダンプ出力,21,0,0,1
current-0210,ja/development_tools/testing_framework/guide/development_guide/06_TestFWGuide/02_RequestUnitTest.rst,306,306,309,リクエスト単体テスト（ウェブアプリケーション） > 各種設定値 > (L2直下),4,0,0,0
current-0211,ja/development_tools/testing_framework/guide/development_guide/06_TestFWGuide/02_RequestUnitTest.rst,310,312,415,リクエスト単体テスト（ウェブアプリケーション） > 各種設定値 > コンポーネント設定ファイル設定項目一覧,104,1,1,0
current-0212,ja/development_tools/testing_framework/guide/development_guide/06_TestFWGuide/02_RequestUnitTest.rst,416,418,471,リクエスト単体テスト（ウェブアプリケーション） > 各種設定値 > コンポーネント設定ファイルの記述例,54,1,1,0
current-0213,ja/development_tools/testing_framework/guide/development_guide/06_TestFWGuide/02_RequestUnitTest.rst,472,474,552,リクエスト単体テスト（ウェブアプリケーション） > 各種設定値 > その他の設定,79,0,0,4
current-0214,ja/development_tools/testing_framework/guide/development_guide/06_TestFWGuide/03_Tips.rst,5,5,27,目的別API使用方法 > (L1直下),23,0,0,0
current-0215,ja/development_tools/testing_framework/guide/development_guide/06_TestFWGuide/03_Tips.rst,31,31,47,目的別API使用方法 > Excelファイルから、入力パラメータや戻り値に対する期待値などを取得したい > (L2直下),17,0,0,0
current-0216,ja/development_tools/testing_framework/guide/development_guide/06_TestFWGuide/03_Tips.rst,48,50,75,目的別API使用方法 > Excelファイルから、入力パラメータや戻り値に対する期待値などを取得したい > テストソースコード実装例,26,1,0,0
current-0217,ja/development_tools/testing_framework/guide/development_guide/06_TestFWGuide/03_Tips.rst,76,78,105,目的別API使用方法 > Excelファイルから、入力パラメータや戻り値に対する期待値などを取得したい > Excelファイル記述例,28,1,1,0
current-0218,ja/development_tools/testing_framework/guide/development_guide/06_TestFWGuide/03_Tips.rst,109,109,114,目的別API使用方法 > 同じテストメソッドをテストデータを変えて実行したい > (L2直下),6,0,0,0
current-0219,ja/development_tools/testing_framework/guide/development_guide/06_TestFWGuide/03_Tips.rst,115,117,144,目的別API使用方法 > 同じテストメソッドをテストデータを変えて実行したい > テストソースコード実装例,28,1,0,0
current-0220,ja/development_tools/testing_framework/guide/development_guide/06_TestFWGuide/03_Tips.rst,145,147,201,目的別API使用方法 > 同じテストメソッドをテストデータを変えて実行したい > Excelファイル記述例,55,0,6,0
current-0221,ja/development_tools/testing_framework/guide/development_guide/06_TestFWGuide/03_Tips.rst,205,205,228,目的別API使用方法 > 一つのシートに複数テストケースのデータを記載したい > (L2直下),24,0,0,0
current-0222,ja/development_tools/testing_framework/guide/development_guide/06_TestFWGuide/03_Tips.rst,229,231,242,目的別API使用方法 > 一つのシートに複数テストケースのデータを記載したい > テストソースコード実装例,12,1,0,0
current-0223,ja/development_tools/testing_framework/guide/development_guide/06_TestFWGuide/03_Tips.rst,243,245,292,目的別API使用方法 > 一つのシートに複数テストケースのデータを記載したい > Excelファイル記述例,48,0,6,0
current-0224,ja/development_tools/testing_framework/guide/development_guide/06_TestFWGuide/03_Tips.rst,293,295,300,目的別API使用方法 > 一つのシートに複数テストケースのデータを記載したい > 注意事項,6,0,0,0
current-0225,ja/development_tools/testing_framework/guide/development_guide/06_TestFWGuide/03_Tips.rst,304,304,309,目的別API使用方法 > システム日時を任意の値に固定したい > (L2直下),6,0,0,0
current-0226,ja/development_tools/testing_framework/guide/development_guide/06_TestFWGuide/03_Tips.rst,310,312,342,目的別API使用方法 > システム日時を任意の値に固定したい > 設定ファイル例,31,2,1,0
current-0227,ja/development_tools/testing_framework/guide/development_guide/06_TestFWGuide/03_Tips.rst,346,346,356,目的別API使用方法 > シーケンスオブジェクトを使った採番のテストをしたい > (L2直下),11,0,0,0
current-0228,ja/development_tools/testing_framework/guide/development_guide/06_TestFWGuide/03_Tips.rst,357,359,388,目的別API使用方法 > シーケンスオブジェクトを使った採番のテストをしたい > 設定ファイルの例,30,2,0,0
current-0229,ja/development_tools/testing_framework/guide/development_guide/06_TestFWGuide/03_Tips.rst,389,391,433,目的別API使用方法 > シーケンスオブジェクトを使った採番のテストをしたい > Excelファイル記述例,43,0,4,0
current-0230,ja/development_tools/testing_framework/guide/development_guide/06_TestFWGuide/03_Tips.rst,437,437,452,目的別API使用方法 > ThreadContextにユーザID、リクエストIDなどを設定したい > (L2直下),16,0,0,0
current-0231,ja/development_tools/testing_framework/guide/development_guide/06_TestFWGuide/03_Tips.rst,453,455,468,目的別API使用方法 > ThreadContextにユーザID、リクエストIDなどを設定したい > テストソースコード実装例,14,1,0,0
current-0232,ja/development_tools/testing_framework/guide/development_guide/06_TestFWGuide/03_Tips.rst,469,471,487,目的別API使用方法 > ThreadContextにユーザID、リクエストIDなどを設定したい > テストデータ記述例,17,0,1,0
current-0233,ja/development_tools/testing_framework/guide/development_guide/06_TestFWGuide/03_Tips.rst,491,491,496,目的別API使用方法 > 任意のディレクトリのExcelファイルを読み込みたい > (L2直下),6,0,0,0
current-0234,ja/development_tools/testing_framework/guide/development_guide/06_TestFWGuide/03_Tips.rst,497,499,507,目的別API使用方法 > 任意のディレクトリのExcelファイルを読み込みたい > テストソースコード実装例,9,1,0,0
current-0235,ja/development_tools/testing_framework/guide/development_guide/06_TestFWGuide/03_Tips.rst,511,511,514,目的別API使用方法 > テスト実行前後に共通処理を行いたい。 > (L2直下),4,0,0,0
current-0236,ja/development_tools/testing_framework/guide/development_guide/06_TestFWGuide/03_Tips.rst,515,517,553,目的別API使用方法 > テスト実行前後に共通処理を行いたい。 > 注意事項,37,1,0,0
current-0237,ja/development_tools/testing_framework/guide/development_guide/06_TestFWGuide/03_Tips.rst,555,557,570,目的別API使用方法 > デフォルト以外のトランザクションを使用したい,14,0,0,0
current-0238,ja/development_tools/testing_framework/guide/development_guide/06_TestFWGuide/03_Tips.rst,574,574,580,目的別API使用方法 > 本フレームワークのクラスを継承せずに使用したい > (L2直下),7,0,0,0
current-0239,ja/development_tools/testing_framework/guide/development_guide/06_TestFWGuide/03_Tips.rst,581,583,618,目的別API使用方法 > 本フレームワークのクラスを継承せずに使用したい > テストソースコード実装例,36,1,0,0
current-0240,ja/development_tools/testing_framework/guide/development_guide/06_TestFWGuide/03_Tips.rst,622,622,635,目的別API使用方法 > クラスのプロパティを検証したい > (L2直下),14,0,0,0
current-0241,ja/development_tools/testing_framework/guide/development_guide/06_TestFWGuide/03_Tips.rst,636,638,662,目的別API使用方法 > クラスのプロパティを検証したい > テストソースコード実装例,25,1,0,0
current-0242,ja/development_tools/testing_framework/guide/development_guide/06_TestFWGuide/03_Tips.rst,663,665,676,目的別API使用方法 > クラスのプロパティを検証したい > Excelファイル記述例,12,0,1,0
current-0243,ja/development_tools/testing_framework/guide/development_guide/06_TestFWGuide/03_Tips.rst,678,680,688,目的別API使用方法 > テストデータに空白、空文字、改行やnullを記述したい,9,0,0,0
current-0244,ja/development_tools/testing_framework/guide/development_guide/06_TestFWGuide/03_Tips.rst,690,692,721,目的別API使用方法 > テストデータに空行を記述したい,30,0,1,0
current-0245,ja/development_tools/testing_framework/guide/development_guide/06_TestFWGuide/03_Tips.rst,723,725,730,目的別API使用方法 > マスタデータを変更してテストを行いたい,6,0,0,0
current-0246,ja/development_tools/testing_framework/guide/development_guide/06_TestFWGuide/03_Tips.rst,732,734,784,目的別API使用方法 > テストデータ読み込みディレクトリを変更したい,51,2,1,0
current-0247,ja/development_tools/testing_framework/guide/development_guide/06_TestFWGuide/03_Tips.rst,788,788,794,目的別API使用方法 > メッセージング処理でテストデータに対し定型的な変換処理を追加したい > (L2直下),7,0,0,0
current-0248,ja/development_tools/testing_framework/guide/development_guide/06_TestFWGuide/03_Tips.rst,795,797,799,目的別API使用方法 > メッセージング処理でテストデータに対し定型的な変換処理を追加したい > 実装するインタフェース,3,0,0,0
current-0249,ja/development_tools/testing_framework/guide/development_guide/06_TestFWGuide/03_Tips.rst,800,802,809,目的別API使用方法 > メッセージング処理でテストデータに対し定型的な変換処理を追加したい > システムリポジトリ登録内容,8,0,1,0
current-0250,ja/development_tools/testing_framework/guide/development_guide/06_TestFWGuide/03_Tips.rst,810,812,818,目的別API使用方法 > メッセージング処理でテストデータに対し定型的な変換処理を追加したい > システムリポジトリ登録例,7,1,0,0
current-0251,ja/development_tools/testing_framework/guide/development_guide/06_TestFWGuide/03_Tips.rst,819,821,832,目的別API使用方法 > メッセージング処理でテストデータに対し定型的な変換処理を追加したい > Excelファイル記述例,12,0,0,2
current-0252,ja/development_tools/testing_framework/guide/development_guide/06_TestFWGuide/04_MasterDataRestore.rst,1,1,2,(冒頭),2,0,0,0
current-0253,ja/development_tools/testing_framework/guide/development_guide/06_TestFWGuide/04_MasterDataRestore.rst,6,6,10,マスタデータ復旧機能 > (L1直下),5,0,0,0
current-0254,ja/development_tools/testing_framework/guide/development_guide/06_TestFWGuide/04_MasterDataRestore.rst,11,13,27,マスタデータ復旧機能 > 概要,15,0,0,0
current-0255,ja/development_tools/testing_framework/guide/development_guide/06_TestFWGuide/04_MasterDataRestore.rst,28,30,35,マスタデータ復旧機能 > 特徴,6,0,0,0
current-0256,ja/development_tools/testing_framework/guide/development_guide/06_TestFWGuide/04_MasterDataRestore.rst,36,38,56,マスタデータ復旧機能 > 必要となるスキーマ,19,0,1,0
current-0257,ja/development_tools/testing_framework/guide/development_guide/06_TestFWGuide/04_MasterDataRestore.rst,57,59,74,マスタデータ復旧機能 > 動作イメージ,16,0,0,2
current-0258,ja/development_tools/testing_framework/guide/development_guide/06_TestFWGuide/04_MasterDataRestore.rst,77,77,81,マスタデータ復旧機能 > 環境構築 > (L2直下),5,0,0,0
current-0259,ja/development_tools/testing_framework/guide/development_guide/06_TestFWGuide/04_MasterDataRestore.rst,82,84,93,マスタデータ復旧機能 > 環境構築 > バックアップ用スキーマの作成、データ投入,10,0,0,0
current-0260,ja/development_tools/testing_framework/guide/development_guide/06_TestFWGuide/04_MasterDataRestore.rst,94,96,108,マスタデータ復旧機能 > 環境構築 > 外部キーが設定されたテーブルを使用する場合について,13,1,0,0
current-0261,ja/development_tools/testing_framework/guide/development_guide/06_TestFWGuide/04_MasterDataRestore.rst,109,111,167,マスタデータ復旧機能 > 環境構築 > コンポーネント設定ファイルに監視対象テーブルを記載,57,1,1,0
current-0262,ja/development_tools/testing_framework/guide/development_guide/06_TestFWGuide/04_MasterDataRestore.rst,168,170,215,マスタデータ復旧機能 > 環境構築 > ログ出力設定,46,2,0,0
current-0263,ja/development_tools/testing_framework/guide/development_guide/06_TestFWGuide/JUnit5_Extension.rst,1,1,2,(冒頭),2,0,0,0
current-0264,ja/development_tools/testing_framework/guide/development_guide/06_TestFWGuide/JUnit5_Extension.rst,6,6,10,JUnit 5用拡張機能 > (L1直下),5,0,0,0
current-0265,ja/development_tools/testing_framework/guide/development_guide/06_TestFWGuide/JUnit5_Extension.rst,12,14,22,JUnit 5用拡張機能 > 概要,9,0,0,0
current-0266,ja/development_tools/testing_framework/guide/development_guide/06_TestFWGuide/JUnit5_Extension.rst,24,26,33,JUnit 5用拡張機能 > 前提条件,8,0,0,0
current-0267,ja/development_tools/testing_framework/guide/development_guide/06_TestFWGuide/JUnit5_Extension.rst,35,37,47,JUnit 5用拡張機能 > モジュール一覧,11,1,0,0
current-0268,ja/development_tools/testing_framework/guide/development_guide/06_TestFWGuide/JUnit5_Extension.rst,49,51,97,JUnit 5用拡張機能 > 基本的な使い方,47,1,0,0
current-0269,ja/development_tools/testing_framework/guide/development_guide/06_TestFWGuide/JUnit5_Extension.rst,101,101,144,JUnit 5用拡張機能 > Extension クラスと合成アノテーションの一覧 > (L2直下),44,0,1,0
current-0270,ja/development_tools/testing_framework/guide/development_guide/06_TestFWGuide/JUnit5_Extension.rst,145,147,168,JUnit 5用拡張機能 > Extension クラスと合成アノテーションの一覧 > BasicHttpRequestTest の使い方の補足,22,1,0,0
current-0271,ja/development_tools/testing_framework/guide/development_guide/06_TestFWGuide/JUnit5_Extension.rst,172,172,183,JUnit 5用拡張機能 > 独自の拡張を加える > (L2直下),12,0,0,0
current-0272,ja/development_tools/testing_framework/guide/development_guide/06_TestFWGuide/JUnit5_Extension.rst,184,186,207,JUnit 5用拡張機能 > 独自の拡張を加える > 独自拡張クラスを作成する,22,1,0,0
current-0273,ja/development_tools/testing_framework/guide/development_guide/06_TestFWGuide/JUnit5_Extension.rst,208,210,234,JUnit 5用拡張機能 > 独自の拡張を加える > 独自拡張用のExtensionを作成する,25,1,0,0
current-0274,ja/development_tools/testing_framework/guide/development_guide/06_TestFWGuide/JUnit5_Extension.rst,235,237,258,JUnit 5用拡張機能 > 独自の拡張を加える > ExtendWithでテストクラスに適用する,22,1,0,0
current-0275,ja/development_tools/testing_framework/guide/development_guide/06_TestFWGuide/JUnit5_Extension.rst,259,261,342,JUnit 5用拡張機能 > 独自の拡張を加える > BasicHttpRequestTestTemplateを拡張する場合はアノテーションも作成する,82,4,0,0
current-0276,ja/development_tools/testing_framework/guide/development_guide/06_TestFWGuide/JUnit5_Extension.rst,343,345,369,JUnit 5用拡張機能 > 独自の拡張を加える > 事前処理・事後処理を実装する,25,1,0,0
current-0277,ja/development_tools/testing_framework/guide/development_guide/06_TestFWGuide/JUnit5_Extension.rst,370,372,423,JUnit 5用拡張機能 > 独自の拡張を加える > JUnit 4のTestRuleを再現する,52,2,0,0
current-0278,ja/development_tools/testing_framework/guide/development_guide/06_TestFWGuide/JUnit5_Extension.rst,425,427,455,JUnit 5用拡張機能 > RegisterExtensionで使用する,29,1,0,0
current-0279,ja/development_tools/testing_framework/guide/development_guide/06_TestFWGuide/RequestUnitTest_batch.rst,1,1,2,(冒頭),2,0,0,0
current-0280,ja/development_tools/testing_framework/guide/development_guide/06_TestFWGuide/RequestUnitTest_batch.rst,10,10,15,リクエスト単体テスト（バッチ処理） > 概要 > (L2直下),6,0,0,0
current-0281,ja/development_tools/testing_framework/guide/development_guide/06_TestFWGuide/RequestUnitTest_batch.rst,16,18,23,リクエスト単体テスト（バッチ処理） > 概要 > 全体像,6,0,0,1
current-0282,ja/development_tools/testing_framework/guide/development_guide/06_TestFWGuide/RequestUnitTest_batch.rst,24,26,54,"リクエスト単体テスト（バッチ処理） > 主なクラス, リソース",29,0,1,0
current-0283,ja/development_tools/testing_framework/guide/development_guide/06_TestFWGuide/RequestUnitTest_batch.rst,59,61,63,リクエスト単体テスト（バッチ処理） > 構造 > StandaloneTestSupportTemplate,3,0,0,0
current-0284,ja/development_tools/testing_framework/guide/development_guide/06_TestFWGuide/RequestUnitTest_batch.rst,64,66,90,リクエスト単体テスト（バッチ処理） > 構造 > TestShot,25,0,0,0
current-0285,ja/development_tools/testing_framework/guide/development_guide/06_TestFWGuide/RequestUnitTest_batch.rst,91,93,110,リクエスト単体テスト（バッチ処理） > 構造 > BatchRequestTestSupport,18,0,0,0
current-0286,ja/development_tools/testing_framework/guide/development_guide/06_TestFWGuide/RequestUnitTest_batch.rst,111,113,120,リクエスト単体テスト（バッチ処理） > 構造 > MainForRequestTesting,8,0,0,0
current-0287,ja/development_tools/testing_framework/guide/development_guide/06_TestFWGuide/RequestUnitTest_batch.rst,121,123,133,リクエスト単体テスト（バッチ処理） > 構造 > FileSupport,11,0,0,0
current-0288,ja/development_tools/testing_framework/guide/development_guide/06_TestFWGuide/RequestUnitTest_batch.rst,136,136,141,リクエスト単体テスト（バッチ処理） > テストデータ > (L2直下),6,0,0,0
current-0289,ja/development_tools/testing_framework/guide/development_guide/06_TestFWGuide/RequestUnitTest_batch.rst,142,144,172,リクエスト単体テスト（バッチ処理） > テストデータ > 固定長ファイル,29,0,0,0
current-0290,ja/development_tools/testing_framework/guide/development_guide/06_TestFWGuide/RequestUnitTest_batch.rst,173,175,180,リクエスト単体テスト（バッチ処理） > テストデータ > 可変長ファイル,6,0,0,0
current-0291,ja/development_tools/testing_framework/guide/development_guide/06_TestFWGuide/RequestUnitTest_batch.rst,184,186,222,リクエスト単体テスト（バッチ処理） > 各種設定値 > 常駐バッチのテスト用ハンドラ構成,37,2,1,0
current-0292,ja/development_tools/testing_framework/guide/development_guide/06_TestFWGuide/RequestUnitTest_batch.rst,223,225,262,リクエスト単体テスト（バッチ処理） > 各種設定値 > ディレクティブのデフォルト値,38,1,1,0
current-0293,ja/development_tools/testing_framework/guide/development_guide/06_TestFWGuide/RequestUnitTest_http_send_sync.rst,2,4,23,リクエスト単体テスト（HTTP同期応答メッセージ送信処理）,20,0,1,0
current-0294,ja/development_tools/testing_framework/guide/development_guide/06_TestFWGuide/RequestUnitTest_real.rst,8,8,14,リクエスト単体テスト（メッセージ受信処理） > 概要 > (L2直下),7,0,0,0
current-0295,ja/development_tools/testing_framework/guide/development_guide/06_TestFWGuide/RequestUnitTest_real.rst,15,17,22,リクエスト単体テスト（メッセージ受信処理） > 概要 > 全体像,6,0,0,1
current-0296,ja/development_tools/testing_framework/guide/development_guide/06_TestFWGuide/RequestUnitTest_real.rst,23,25,62,"リクエスト単体テスト（メッセージ受信処理） > 主なクラス, リソース",38,0,1,0
current-0297,ja/development_tools/testing_framework/guide/development_guide/06_TestFWGuide/RequestUnitTest_real.rst,67,69,71,リクエスト単体テスト（メッセージ受信処理） > 構造 > StandaloneTestSupportTemplate,3,0,0,0
current-0298,ja/development_tools/testing_framework/guide/development_guide/06_TestFWGuide/RequestUnitTest_real.rst,72,74,99,リクエスト単体テスト（メッセージ受信処理） > 構造 > TestShot,26,0,0,0
current-0299,ja/development_tools/testing_framework/guide/development_guide/06_TestFWGuide/RequestUnitTest_real.rst,100,102,126,リクエスト単体テスト（メッセージ受信処理） > 構造 > MessagingRequestTestSupport,25,0,0,0
current-0300,ja/development_tools/testing_framework/guide/development_guide/06_TestFWGuide/RequestUnitTest_real.rst,127,129,145,リクエスト単体テスト（メッセージ受信処理） > 構造 > MessagingReceiveTestSupport,17,0,0,0
current-0301,ja/development_tools/testing_framework/guide/development_guide/06_TestFWGuide/RequestUnitTest_real.rst,146,148,155,リクエスト単体テスト（メッセージ受信処理） > 構造 > MainForRequestTesting,8,0,0,0
current-0302,ja/development_tools/testing_framework/guide/development_guide/06_TestFWGuide/RequestUnitTest_real.rst,156,158,165,リクエスト単体テスト（メッセージ受信処理） > 構造 > MQSupport,8,0,0,0
current-0303,ja/development_tools/testing_framework/guide/development_guide/06_TestFWGuide/RequestUnitTest_real.rst,166,168,181,リクエスト単体テスト（メッセージ受信処理） > 構造 > TestDataConvertor,14,0,0,0
current-0304,ja/development_tools/testing_framework/guide/development_guide/06_TestFWGuide/RequestUnitTest_real.rst,184,184,187,リクエスト単体テスト（メッセージ受信処理） > テストデータ > (L2直下),4,0,0,0
current-0305,ja/development_tools/testing_framework/guide/development_guide/06_TestFWGuide/RequestUnitTest_real.rst,188,190,197,リクエスト単体テスト（メッセージ受信処理） > テストデータ > メッセージ,8,0,0,0
current-0306,ja/development_tools/testing_framework/guide/development_guide/06_TestFWGuide/RequestUnitTest_rest.rst,1,1,2,(冒頭),2,0,0,0
current-0307,ja/development_tools/testing_framework/guide/development_guide/06_TestFWGuide/RequestUnitTest_rest.rst,10,10,14,リクエスト単体テスト（RESTfulウェブサービス） > 概要 > (L2直下),5,0,0,0
current-0308,ja/development_tools/testing_framework/guide/development_guide/06_TestFWGuide/RequestUnitTest_rest.rst,15,17,19,リクエスト単体テスト（RESTfulウェブサービス） > 概要 > 全体像,3,0,0,1
current-0309,ja/development_tools/testing_framework/guide/development_guide/06_TestFWGuide/RequestUnitTest_rest.rst,20,22,46,"リクエスト単体テスト（RESTfulウェブサービス） > 概要 > 主なクラス, リソース",25,0,1,0
current-0310,ja/development_tools/testing_framework/guide/development_guide/06_TestFWGuide/RequestUnitTest_rest.rst,47,49,74,リクエスト単体テスト（RESTfulウェブサービス） > 概要 > モジュール一覧,26,1,0,0
current-0311,ja/development_tools/testing_framework/guide/development_guide/06_TestFWGuide/RequestUnitTest_rest.rst,75,77,93,リクエスト単体テスト（RESTfulウェブサービス） > 概要 > 設定,17,1,0,0
current-0312,ja/development_tools/testing_framework/guide/development_guide/06_TestFWGuide/RequestUnitTest_rest.rst,97,97,99,リクエスト単体テスト（RESTfulウェブサービス） > 構造 > (L2直下),3,0,0,0
current-0313,ja/development_tools/testing_framework/guide/development_guide/06_TestFWGuide/RequestUnitTest_rest.rst,100,102,111,リクエスト単体テスト（RESTfulウェブサービス） > 構造 > SimpleRestTestSupport,10,0,0,0
current-0314,ja/development_tools/testing_framework/guide/development_guide/06_TestFWGuide/RequestUnitTest_rest.rst,112,114,118,リクエスト単体テスト（RESTfulウェブサービス） > 構造 > RestTestSupport,5,0,0,0
current-0315,ja/development_tools/testing_framework/guide/development_guide/06_TestFWGuide/RequestUnitTest_rest.rst,119,121,145,リクエスト単体テスト（RESTfulウェブサービス） > 構造 > データベース関連機能,25,0,0,0
current-0316,ja/development_tools/testing_framework/guide/development_guide/06_TestFWGuide/RequestUnitTest_rest.rst,146,148,195,リクエスト単体テスト（RESTfulウェブサービス） > 構造 > 事前準備補助機能,48,3,0,0
current-0317,ja/development_tools/testing_framework/guide/development_guide/06_TestFWGuide/RequestUnitTest_rest.rst,196,198,207,リクエスト単体テスト（RESTfulウェブサービス） > 構造 > 実行,10,1,0,0
current-0318,ja/development_tools/testing_framework/guide/development_guide/06_TestFWGuide/RequestUnitTest_rest.rst,208,210,274,リクエスト単体テスト（RESTfulウェブサービス） > 構造 > 結果確認,65,2,1,0
current-0319,ja/development_tools/testing_framework/guide/development_guide/06_TestFWGuide/RequestUnitTest_rest.rst,278,278,281,リクエスト単体テスト（RESTfulウェブサービス） > 各種設定値 > (L2直下),4,0,0,0
current-0320,ja/development_tools/testing_framework/guide/development_guide/06_TestFWGuide/RequestUnitTest_rest.rst,282,284,361,リクエスト単体テスト（RESTfulウェブサービス） > 各種設定値 > コンポーネント設定ファイル設定項目一覧,78,3,1,0
current-0321,ja/development_tools/testing_framework/guide/development_guide/06_TestFWGuide/RequestUnitTest_send_sync.rst,8,8,18,リクエスト単体テスト（同期応答メッセージ送信処理） > 概要 > (L2直下),11,0,0,0
current-0322,ja/development_tools/testing_framework/guide/development_guide/06_TestFWGuide/RequestUnitTest_send_sync.rst,19,21,36,リクエスト単体テスト（同期応答メッセージ送信処理） > 概要 > 全体像,16,0,0,1
current-0323,ja/development_tools/testing_framework/guide/development_guide/06_TestFWGuide/RequestUnitTest_send_sync.rst,37,39,67,"リクエスト単体テスト（同期応答メッセージ送信処理） > 主なクラス, リソース",29,0,1,0
current-0324,ja/development_tools/testing_framework/guide/development_guide/06_TestFWGuide/RequestUnitTest_send_sync.rst,72,74,81,リクエスト単体テスト（同期応答メッセージ送信処理） > 構造 > StandaloneTestSupportTemplate,8,0,0,0
current-0325,ja/development_tools/testing_framework/guide/development_guide/06_TestFWGuide/RequestUnitTest_send_sync.rst,82,84,90,リクエスト単体テスト（同期応答メッセージ送信処理） > 構造 > AbstractHttpRequestTestTemplate,7,0,0,0
current-0326,ja/development_tools/testing_framework/guide/development_guide/06_TestFWGuide/RequestUnitTest_send_sync.rst,91,93,110,リクエスト単体テスト（同期応答メッセージ送信処理） > 構造 > RequestTestingMessagingProvider,18,0,0,0
current-0327,ja/development_tools/testing_framework/guide/development_guide/06_TestFWGuide/RequestUnitTest_send_sync.rst,111,113,124,リクエスト単体テスト（同期応答メッセージ送信処理） > 構造 > MessageSender,12,0,0,0
current-0328,ja/development_tools/testing_framework/guide/development_guide/06_TestFWGuide/RequestUnitTest_send_sync.rst,125,127,140,リクエスト単体テスト（同期応答メッセージ送信処理） > 構造 > TestDataConvertor,14,0,0,0
current-0329,ja/development_tools/testing_framework/guide/development_guide/06_TestFWGuide/RequestUnitTest_send_sync.rst,143,143,146,リクエスト単体テスト（同期応答メッセージ送信処理） > テストデータ > (L2直下),4,0,0,0
current-0330,ja/development_tools/testing_framework/guide/development_guide/06_TestFWGuide/RequestUnitTest_send_sync.rst,147,149,156,リクエスト単体テスト（同期応答メッセージ送信処理） > テストデータ > 同期応答メッセージ送信処理,8,0,0,0
current-0331,ja/development_tools/testing_framework/guide/development_guide/06_TestFWGuide/index.rst,1,1,2,(冒頭),2,0,0,0
current-0332,ja/development_tools/testing_framework/guide/development_guide/06_TestFWGuide/index.rst,4,6,22,自動テストフレームワークの使用方法,17,0,0,0
current-0333,ja/development_tools/testing_framework/guide/development_guide/08_TestTools/01_HttpDumpTool/01_HttpDumpTool.rst,1,1,2,(冒頭),2,0,0,0
current-0334,ja/development_tools/testing_framework/guide/development_guide/08_TestTools/01_HttpDumpTool/01_HttpDumpTool.rst,7,9,22,リクエスト単体データ作成ツール > 概要,14,0,0,0
current-0335,ja/development_tools/testing_framework/guide/development_guide/08_TestTools/01_HttpDumpTool/01_HttpDumpTool.rst,23,25,30,リクエスト単体データ作成ツール > 特徴,6,0,0,0
current-0336,ja/development_tools/testing_framework/guide/development_guide/08_TestTools/01_HttpDumpTool/01_HttpDumpTool.rst,33,33,39,リクエスト単体データ作成ツール > 使用方法 > (L2直下),7,0,0,1
current-0337,ja/development_tools/testing_framework/guide/development_guide/08_TestTools/01_HttpDumpTool/01_HttpDumpTool.rst,40,42,46,リクエスト単体データ作成ツール > 使用方法 > 前提条件,5,0,0,0
current-0338,ja/development_tools/testing_framework/guide/development_guide/08_TestTools/01_HttpDumpTool/01_HttpDumpTool.rst,47,49,60,リクエスト単体データ作成ツール > 使用方法 > 入力となるHTML生成,12,0,0,0
current-0339,ja/development_tools/testing_framework/guide/development_guide/08_TestTools/01_HttpDumpTool/01_HttpDumpTool.rst,61,63,73,リクエスト単体データ作成ツール > 使用方法 > ツール起動,11,0,0,0
current-0340,ja/development_tools/testing_framework/guide/development_guide/08_TestTools/01_HttpDumpTool/01_HttpDumpTool.rst,74,76,78,リクエスト単体データ作成ツール > 使用方法 > データ入力,3,0,0,0
current-0341,ja/development_tools/testing_framework/guide/development_guide/08_TestTools/01_HttpDumpTool/01_HttpDumpTool.rst,79,81,86,リクエスト単体データ作成ツール > 使用方法 > Excelダウンロード,6,0,0,0
current-0342,ja/development_tools/testing_framework/guide/development_guide/08_TestTools/01_HttpDumpTool/01_HttpDumpTool.rst,87,89,93,リクエスト単体データ作成ツール > 使用方法 > データ編集,5,0,0,0
current-0343,ja/development_tools/testing_framework/guide/development_guide/08_TestTools/01_HttpDumpTool/02_SetUpHttpDumpTool.rst,4,4,8,リクエスト単体データ作成ツール インストールガイド > (L1直下),5,0,0,0
current-0344,ja/development_tools/testing_framework/guide/development_guide/08_TestTools/01_HttpDumpTool/02_SetUpHttpDumpTool.rst,9,11,22,リクエスト単体データ作成ツール インストールガイド > 前提事項,12,0,0,0
current-0345,ja/development_tools/testing_framework/guide/development_guide/08_TestTools/01_HttpDumpTool/02_SetUpHttpDumpTool.rst,23,25,61,リクエスト単体データ作成ツール インストールガイド > 提供方法,37,2,0,0
current-0346,ja/development_tools/testing_framework/guide/development_guide/08_TestTools/01_HttpDumpTool/02_SetUpHttpDumpTool.rst,64,64,67,リクエスト単体データ作成ツール インストールガイド > Eclipseとの連携 > (L2直下),4,0,0,0
current-0347,ja/development_tools/testing_framework/guide/development_guide/08_TestTools/01_HttpDumpTool/02_SetUpHttpDumpTool.rst,68,70,78,リクエスト単体データ作成ツール インストールガイド > Eclipseとの連携 > 設定画面起動,9,0,0,1
current-0348,ja/development_tools/testing_framework/guide/development_guide/08_TestTools/01_HttpDumpTool/02_SetUpHttpDumpTool.rst,79,81,87,リクエスト単体データ作成ツール インストールガイド > Eclipseとの連携 > 外部プログラム選択,7,0,0,1
current-0349,ja/development_tools/testing_framework/guide/development_guide/08_TestTools/01_HttpDumpTool/02_SetUpHttpDumpTool.rst,88,90,99,リクエスト単体データ作成ツール インストールガイド > Eclipseとの連携 > 起動用バッチファイル（シェルスクリプト）選択,10,0,0,1
current-0350,ja/development_tools/testing_framework/guide/development_guide/08_TestTools/01_HttpDumpTool/02_SetUpHttpDumpTool.rst,100,102,111,リクエスト単体データ作成ツール インストールガイド > Eclipseとの連携 > HTMLファイルからの起動方法,10,0,0,1
current-0351,ja/development_tools/testing_framework/guide/development_guide/08_TestTools/01_HttpDumpTool/index.rst,2,4,10,リクエスト単体データ作成ツール,7,0,0,0
current-0352,ja/development_tools/testing_framework/guide/development_guide/08_TestTools/02_MasterDataSetup/01_MasterDataSetupTool.rst,1,1,2,(冒頭),2,0,0,0
current-0353,ja/development_tools/testing_framework/guide/development_guide/08_TestTools/02_MasterDataSetup/01_MasterDataSetupTool.rst,7,9,13,マスタデータ投入ツール > 概要,5,0,0,0
current-0354,ja/development_tools/testing_framework/guide/development_guide/08_TestTools/02_MasterDataSetup/01_MasterDataSetupTool.rst,14,16,28,マスタデータ投入ツール > 特徴,13,0,0,0
current-0355,ja/development_tools/testing_framework/guide/development_guide/08_TestTools/02_MasterDataSetup/01_MasterDataSetupTool.rst,32,34,36,マスタデータ投入ツール > 使用方法 > 前提条件,3,0,0,0
current-0356,ja/development_tools/testing_framework/guide/development_guide/08_TestTools/02_MasterDataSetup/01_MasterDataSetupTool.rst,37,39,42,マスタデータ投入ツール > 使用方法 > データ作成方法,4,0,0,0
current-0357,ja/development_tools/testing_framework/guide/development_guide/08_TestTools/02_MasterDataSetup/01_MasterDataSetupTool.rst,43,45,71,マスタデータ投入ツール > 使用方法 > 実行方法,27,0,0,1
current-0358,ja/development_tools/testing_framework/guide/development_guide/08_TestTools/02_MasterDataSetup/02_ConfigMasterDataSetupTool.rst,4,4,8,マスタデータ投入ツール インストールガイド > (L1直下),5,0,0,0
current-0359,ja/development_tools/testing_framework/guide/development_guide/08_TestTools/02_MasterDataSetup/02_ConfigMasterDataSetupTool.rst,9,11,27,マスタデータ投入ツール インストールガイド > 前提事項,17,0,0,0
current-0360,ja/development_tools/testing_framework/guide/development_guide/08_TestTools/02_MasterDataSetup/02_ConfigMasterDataSetupTool.rst,30,30,68,マスタデータ投入ツール インストールガイド > 提供方法 > (L2直下),39,2,1,0
current-0361,ja/development_tools/testing_framework/guide/development_guide/08_TestTools/02_MasterDataSetup/02_ConfigMasterDataSetupTool.rst,69,71,84,マスタデータ投入ツール インストールガイド > 提供方法 > プロパティファイルの書き換え,14,1,0,0
current-0362,ja/development_tools/testing_framework/guide/development_guide/08_TestTools/02_MasterDataSetup/02_ConfigMasterDataSetupTool.rst,87,87,90,マスタデータ投入ツール インストールガイド > Eclipseとの連携設定 > (L2直下),4,0,0,0
current-0363,ja/development_tools/testing_framework/guide/development_guide/08_TestTools/02_MasterDataSetup/02_ConfigMasterDataSetupTool.rst,91,93,101,マスタデータ投入ツール インストールガイド > Eclipseとの連携設定 > Antビュー起動,9,0,0,1
current-0364,ja/development_tools/testing_framework/guide/development_guide/08_TestTools/02_MasterDataSetup/02_ConfigMasterDataSetupTool.rst,102,104,122,マスタデータ投入ツール インストールガイド > Eclipseとの連携設定 > ビルドファイル登録,19,0,0,3
current-0365,ja/development_tools/testing_framework/guide/development_guide/08_TestTools/02_MasterDataSetup/index.rst,2,4,21,マスタデータ投入ツール,18,0,0,0
current-0366,ja/development_tools/testing_framework/guide/development_guide/08_TestTools/03_HtmlCheckTool/index.rst,1,1,2,(冒頭),2,0,0,0
current-0367,ja/development_tools/testing_framework/guide/development_guide/08_TestTools/03_HtmlCheckTool/index.rst,6,6,9,HTMLチェックツール > (L1直下),4,0,0,0
current-0368,ja/development_tools/testing_framework/guide/development_guide/08_TestTools/03_HtmlCheckTool/index.rst,10,12,16,HTMLチェックツール > 目的,5,0,0,0
current-0369,ja/development_tools/testing_framework/guide/development_guide/08_TestTools/03_HtmlCheckTool/index.rst,19,19,65,HTMLチェックツール > 仕様 > (L2直下),47,2,0,0
current-0370,ja/development_tools/testing_framework/guide/development_guide/08_TestTools/03_HtmlCheckTool/index.rst,66,68,82,HTMLチェックツール > 仕様 > HTML4.01との相違点,15,1,0,0
current-0371,ja/development_tools/testing_framework/guide/development_guide/08_TestTools/03_HtmlCheckTool/index.rst,86,88,92,HTMLチェックツール > 使用方法 > 前提条件,5,0,0,0
current-0372,ja/development_tools/testing_framework/guide/development_guide/08_TestTools/03_HtmlCheckTool/index.rst,93,95,139,HTMLチェックツール > 使用方法 > 使用禁止タグ・属性のカスタマイズ方法,45,1,0,0
current-0373,ja/development_tools/testing_framework/guide/development_guide/08_TestTools/03_HtmlCheckTool/index.rst,140,142,160,HTMLチェックツール > 使用方法 > HTMLチェック実行要否の設定方法,19,1,0,0
current-0374,ja/development_tools/testing_framework/guide/development_guide/08_TestTools/03_HtmlCheckTool/index.rst,161,163,226,HTMLチェックツール > 使用方法 > HTMLチェック内容の変更,64,2,0,0
current-0375,ja/development_tools/testing_framework/guide/development_guide/08_TestTools/03_HtmlCheckTool/index.rst,227,229,238,HTMLチェックツール > 使用方法 > テスト実行時指摘確認方法,10,0,0,1
current-0376,ja/development_tools/testing_framework/guide/development_guide/08_TestTools/index.rst,3,5,12,プログラミング工程で使用するツール,8,0,0,0
current-0377,ja/development_tools/testing_framework/index.rst,2,4,27,テスティングフレームワーク,24,0,0,0
