term,source,occurrences,file_line
1シートに複数ケースを含める場合,current-heading,1,ja/development_tools/testing_framework/guide/development_guide/05_UnitTestGuide/03_DealUnitTest/batch.rst:147
1テストケースを複数シートに分割する場合,current-heading,1,ja/development_tools/testing_framework/guide/development_guide/05_UnitTestGuide/03_DealUnitTest/batch.rst:80
AbstractHttpRequestTestTemplate,current-heading,2,ja/development_tools/testing_framework/guide/development_guide/06_TestFWGuide/02_RequestUnitTest.rst:91
Action/Componentのクラス単体テスト,current-heading,4,ja/development_tools/testing_framework/guide/development_guide/05_UnitTestGuide/01_ClassUnitTest/02_componentUnitTest.rst:4
Action/Component単体テストの書き方,current-heading,3,ja/development_tools/testing_framework/guide/development_guide/05_UnitTestGuide/01_ClassUnitTest/02_componentUnitTest.rst:10
Antビュー起動,current-heading,1,ja/development_tools/testing_framework/guide/development_guide/08_TestTools/02_MasterDataSetup/02_ConfigMasterDataSetupTool.rst:91
BasicHttpRequestTest の使い方の補足,current-heading,1,ja/development_tools/testing_framework/guide/development_guide/06_TestFWGuide/JUnit5_Extension.rst:145
BasicHttpRequestTestTemplate,current-heading,1,ja/development_tools/testing_framework/guide/development_guide/06_TestFWGuide/02_RequestUnitTest.rst:82
BasicHttpRequestTestTemplateを拡張する場合はアノテーションも作成する,current-heading,1,ja/development_tools/testing_framework/guide/development_guide/06_TestFWGuide/JUnit5_Extension.rst:259
BatchRequestTestSupport,current-heading,1,ja/development_tools/testing_framework/guide/development_guide/06_TestFWGuide/RequestUnitTest_batch.rst:91
Bean Validationに対応したForm/Entityのクラス単体テスト,current-heading,9,ja/development_tools/testing_framework/guide/development_guide/05_UnitTestGuide/01_ClassUnitTest/01_entityUnitTest/01_entityUnitTestWithBeanValidation.rst:4
Cookieなど前のレスポンスの情報を引き継ぐ方法,current-heading,3,ja/development_tools/testing_framework/guide/development_guide/05_UnitTestGuide/03_DealUnitTest/rest.rst:38
Cookie情報,current-heading,1,ja/development_tools/testing_framework/guide/development_guide/05_UnitTestGuide/02_RequestUnitTest/index.rst:213
DBに準備データのカラムを省略する場合,current-heading,1,ja/development_tools/testing_framework/guide/development_guide/06_TestFWGuide/02_DbAccessTest.rst:292
DB期待値のカラムを省略する場合,current-heading,1,ja/development_tools/testing_framework/guide/development_guide/06_TestFWGuide/02_DbAccessTest.rst:301
Eclipseとの連携,current-heading,5,ja/development_tools/testing_framework/guide/development_guide/08_TestTools/01_HttpDumpTool/02_SetUpHttpDumpTool.rst:62
Eclipseとの連携設定,current-heading,3,ja/development_tools/testing_framework/guide/development_guide/08_TestTools/02_MasterDataSetup/02_ConfigMasterDataSetupTool.rst:85
Excelによるテストデータ記述,current-heading,8,ja/development_tools/testing_framework/guide/development_guide/06_TestFWGuide/01_Abstract.rst:196
Excelダウンロード,current-heading,1,ja/development_tools/testing_framework/guide/development_guide/08_TestTools/01_HttpDumpTool/01_HttpDumpTool.rst:79
Excelファイルから、入力パラメータや戻り値に対する期待値などを取得したい,current-heading,3,ja/development_tools/testing_framework/guide/development_guide/06_TestFWGuide/03_Tips.rst:29
Excelファイルに記述できるカラムのデータ型に関する注意点,current-heading,1,ja/development_tools/testing_framework/guide/development_guide/06_TestFWGuide/02_DbAccessTest.rst:549
Excelファイルの書き方,current-heading,2,ja/development_tools/testing_framework/guide/development_guide/05_UnitTestGuide/03_DealUnitTest/http_send_sync.rst:22
Excelファイル記述例,current-heading,6,ja/development_tools/testing_framework/guide/development_guide/06_TestFWGuide/03_Tips.rst:76
ExtendWithでテストクラスに適用する,current-heading,1,ja/development_tools/testing_framework/guide/development_guide/06_TestFWGuide/JUnit5_Extension.rst:235
Extension クラスと合成アノテーションの一覧,current-heading,2,ja/development_tools/testing_framework/guide/development_guide/06_TestFWGuide/JUnit5_Extension.rst:99
FileSupport,current-heading,1,ja/development_tools/testing_framework/guide/development_guide/06_TestFWGuide/RequestUnitTest_batch.rst:121
Form/Entityの単体テスト,current-heading,1,ja/development_tools/testing_framework/guide/development_guide/05_UnitTestGuide/01_ClassUnitTest/01_entityUnitTest/index.rst:4
Form/Entity単体テストの書き方,current-heading,17,ja/development_tools/testing_framework/guide/development_guide/05_UnitTestGuide/01_ClassUnitTest/01_entityUnitTest/01_entityUnitTestWithBeanValidation.rst:14
HTML4.01との相違点,current-heading,1,ja/development_tools/testing_framework/guide/development_guide/08_TestTools/03_HtmlCheckTool/index.rst:66
HTMLダンプ出力,current-heading,1,ja/development_tools/testing_framework/guide/development_guide/06_TestFWGuide/02_RequestUnitTest.rst:280
HTMLダンプ出力結果,current-heading,1,ja/development_tools/testing_framework/guide/development_guide/05_UnitTestGuide/02_RequestUnitTest/index.rst:717
HTMLチェックツール,current-heading,9,ja/development_tools/testing_framework/guide/development_guide/08_TestTools/03_HtmlCheckTool/index.rst:4
HTMLチェック内容の変更,current-heading,1,ja/development_tools/testing_framework/guide/development_guide/08_TestTools/03_HtmlCheckTool/index.rst:161
HTMLチェック実行要否の設定方法,current-heading,1,ja/development_tools/testing_framework/guide/development_guide/08_TestTools/03_HtmlCheckTool/index.rst:140
HTMLファイルからの起動方法,current-heading,1,ja/development_tools/testing_framework/guide/development_guide/08_TestTools/01_HttpDumpTool/02_SetUpHttpDumpTool.rst:100
HTTP同期応答メッセージ送信処理を伴う取引単体テストの実施方法,current-heading,3,ja/development_tools/testing_framework/guide/development_guide/05_UnitTestGuide/03_DealUnitTest/http_send_sync.rst:4
HttpRequestTestSupport,current-heading,1,ja/development_tools/testing_framework/guide/development_guide/06_TestFWGuide/02_RequestUnitTest.rst:104
JUnit 4のTestRuleを再現する,current-heading,1,ja/development_tools/testing_framework/guide/development_guide/06_TestFWGuide/JUnit5_Extension.rst:370
JUnit 5で自動テストフレームワークを動かす,current-heading,3,ja/development_tools/testing_framework/guide/development_guide/06_TestFWGuide/01_Abstract.rst:666
JUnit 5用拡張機能,current-heading,15,ja/development_tools/testing_framework/guide/development_guide/06_TestFWGuide/JUnit5_Extension.rst:4
JUnit Vintage,current-heading,1,ja/development_tools/testing_framework/guide/development_guide/06_TestFWGuide/01_Abstract.rst:669
JUnit4のアノテーションを使用する,current-heading,1,ja/development_tools/testing_framework/guide/development_guide/05_UnitTestGuide/02_RequestUnitTest/rest.rst:62
JUnit4ベース,current-heading,1,ja/development_tools/testing_framework/guide/development_guide/06_TestFWGuide/01_Abstract.rst:11
MQSupport,current-heading,1,ja/development_tools/testing_framework/guide/development_guide/06_TestFWGuide/RequestUnitTest_real.rst:156
MainForRequestTesting,current-heading,2,ja/development_tools/testing_framework/guide/development_guide/06_TestFWGuide/RequestUnitTest_batch.rst:111
MessageSender,current-heading,1,ja/development_tools/testing_framework/guide/development_guide/06_TestFWGuide/RequestUnitTest_send_sync.rst:111
MessagingReceiveTestSupport,current-heading,1,ja/development_tools/testing_framework/guide/development_guide/06_TestFWGuide/RequestUnitTest_real.rst:127
MessagingRequestTestSupport,current-heading,1,ja/development_tools/testing_framework/guide/development_guide/06_TestFWGuide/RequestUnitTest_real.rst:100
Nablarch Validationに対応したForm/Entityのクラス単体テスト,current-heading,10,ja/development_tools/testing_framework/guide/development_guide/05_UnitTestGuide/01_ClassUnitTest/01_entityUnitTest/02_entityUnitTestWithNablarchValidation.rst:4
Nablarchに特化したテスト補助機能を提供,current-heading,1,ja/development_tools/testing_framework/guide/development_guide/06_TestFWGuide/01_Abstract.rst:28
RegisterExtensionで使用する,current-heading,1,ja/development_tools/testing_framework/guide/development_guide/06_TestFWGuide/JUnit5_Extension.rst:425
RequestResponseProcessor の実装クラスを作成する,current-heading,1,ja/development_tools/testing_framework/guide/development_guide/05_UnitTestGuide/03_DealUnitTest/rest.rst:44
RequestTestingMessagingProvider,current-heading,1,ja/development_tools/testing_framework/guide/development_guide/06_TestFWGuide/RequestUnitTest_send_sync.rst:91
RestTestSupport,current-heading,1,ja/development_tools/testing_framework/guide/development_guide/06_TestFWGuide/RequestUnitTest_rest.rst:112
SimpleRestTestSupport,current-heading,1,ja/development_tools/testing_framework/guide/development_guide/06_TestFWGuide/RequestUnitTest_rest.rst:100
StandaloneTestSupportTemplate,current-heading,3,ja/development_tools/testing_framework/guide/development_guide/06_TestFWGuide/RequestUnitTest_batch.rst:59
TestCaseInfo,current-heading,1,ja/development_tools/testing_framework/guide/development_guide/06_TestFWGuide/02_RequestUnitTest.rst:97
TestDataConvertor,current-heading,2,ja/development_tools/testing_framework/guide/development_guide/06_TestFWGuide/RequestUnitTest_real.rst:166
TestShot,current-heading,2,ja/development_tools/testing_framework/guide/development_guide/06_TestFWGuide/RequestUnitTest_batch.rst:64
ThreadContextにユーザID、リクエストIDなどを設定したい,current-heading,3,ja/development_tools/testing_framework/guide/development_guide/06_TestFWGuide/03_Tips.rst:435
ThreadContextへの値設定は不要,current-heading,1,ja/development_tools/testing_framework/guide/development_guide/05_UnitTestGuide/02_RequestUnitTest/index.rst:738
assertSqlResultSetEqualsメソッドに関する注意点,current-heading,1,ja/development_tools/testing_framework/guide/development_guide/06_TestFWGuide/02_DbAccessTest.rst:525
assertTableEqualsメソッドに関する注意点,current-heading,1,ja/development_tools/testing_framework/guide/development_guide/06_TestFWGuide/02_DbAccessTest.rst:512
setUpDbメソッドに関する注意点,current-heading,1,ja/development_tools/testing_framework/guide/development_guide/06_TestFWGuide/02_DbAccessTest.rst:501
setter、getterに対するテストケース,current-heading,2,ja/development_tools/testing_framework/guide/development_guide/05_UnitTestGuide/01_ClassUnitTest/01_entityUnitTest/01_entityUnitTestWithBeanValidation.rst:570
その他の単項目精査のテストケース,current-heading,2,ja/development_tools/testing_framework/guide/development_guide/05_UnitTestGuide/01_ClassUnitTest/01_entityUnitTest/01_entityUnitTestWithBeanValidation.rst:316
その他の設定,current-heading,1,ja/development_tools/testing_framework/guide/development_guide/06_TestFWGuide/02_RequestUnitTest.rst:472
アップロードファイルの記述方法,current-heading,1,ja/development_tools/testing_framework/guide/development_guide/05_UnitTestGuide/02_RequestUnitTest/fileupload.rst:14
クエリパラメータ情報,current-heading,1,ja/development_tools/testing_framework/guide/development_guide/05_UnitTestGuide/02_RequestUnitTest/index.rst:229
クラスのプロパティを検証したい,current-heading,3,ja/development_tools/testing_framework/guide/development_guide/06_TestFWGuide/03_Tips.rst:620
クラス単体テストにおける登録・更新系テストの注意点,current-heading,1,ja/development_tools/testing_framework/guide/development_guide/06_TestFWGuide/02_DbAccessTest.rst:536
クラス単体テストの実施方法,current-heading,1,ja/development_tools/testing_framework/guide/development_guide/05_UnitTestGuide/01_ClassUnitTest/index.rst:4
コメント,current-heading,1,ja/development_tools/testing_framework/guide/development_guide/06_TestFWGuide/01_Abstract.rst:326
コンストラクタに対するテストケース,current-heading,1,ja/development_tools/testing_framework/guide/development_guide/05_UnitTestGuide/01_ClassUnitTest/01_entityUnitTest/02_entityUnitTestWithNablarchValidation.rst:554
コンポーネント設定ファイルに defaultProcessor という名前で実装クラスを設定する,current-heading,1,ja/development_tools/testing_framework/guide/development_guide/05_UnitTestGuide/03_DealUnitTest/rest.rst:66
コンポーネント設定ファイルに監視対象テーブルを記載,current-heading,1,ja/development_tools/testing_framework/guide/development_guide/06_TestFWGuide/04_MasterDataRestore.rst:109
コンポーネント設定ファイルの記述例,current-heading,1,ja/development_tools/testing_framework/guide/development_guide/05_UnitTestGuide/01_ClassUnitTest/01_entityUnitTest/01_entityUnitTestWithBeanValidation.rst:748
コンポーネント設定ファイル設定項目一覧,current-heading,2,ja/development_tools/testing_framework/guide/development_guide/06_TestFWGuide/02_RequestUnitTest.rst:310
システムリポジトリ登録例,current-heading,1,ja/development_tools/testing_framework/guide/development_guide/06_TestFWGuide/03_Tips.rst:810
システムリポジトリ登録内容,current-heading,1,ja/development_tools/testing_framework/guide/development_guide/06_TestFWGuide/03_Tips.rst:800
システム日時を任意の値に固定したい,current-heading,2,ja/development_tools/testing_framework/guide/development_guide/06_TestFWGuide/03_Tips.rst:302
シーケンスオブジェクトを使った採番のテストをしたい,current-heading,3,ja/development_tools/testing_framework/guide/development_guide/06_TestFWGuide/03_Tips.rst:344
シート内の構造,current-heading,1,ja/development_tools/testing_framework/guide/development_guide/06_TestFWGuide/01_Abstract.rst:256
スーパクラスについて,current-heading,3,ja/development_tools/testing_framework/guide/development_guide/05_UnitTestGuide/02_RequestUnitTest/batch.rst:487
スーパクラスのメソッド呼び出し,current-heading,3,ja/development_tools/testing_framework/guide/development_guide/05_UnitTestGuide/02_RequestUnitTest/batch.rst:507
セルの書式,current-heading,1,ja/development_tools/testing_framework/guide/development_guide/06_TestFWGuide/01_Abstract.rst:391
セルへの特殊な記述方法,current-heading,1,ja/development_tools/testing_framework/guide/development_guide/06_TestFWGuide/01_Abstract.rst:446
ダウンロードファイルのテスト,current-heading,1,ja/development_tools/testing_framework/guide/development_guide/05_UnitTestGuide/02_RequestUnitTest/index.rst:653
ツール起動,current-heading,1,ja/development_tools/testing_framework/guide/development_guide/08_TestTools/01_HttpDumpTool/01_HttpDumpTool.rst:61
テスティングフレームワーク,current-heading,1,ja/development_tools/testing_framework/index.rst:2
テストの実施方法,current-heading,4,ja/development_tools/testing_framework/guide/development_guide/05_UnitTestGuide/02_RequestUnitTest/mail.rst:21
テストクラスでのトランザクション制御は不要,current-heading,1,ja/development_tools/testing_framework/guide/development_guide/05_UnitTestGuide/02_RequestUnitTest/index.rst:748
テストクラスで共通のデータベース初期値,current-heading,4,ja/development_tools/testing_framework/guide/development_guide/05_UnitTestGuide/02_RequestUnitTest/batch.rst:63
テストクラスの作成,current-heading,2,ja/development_tools/testing_framework/guide/development_guide/05_UnitTestGuide/01_ClassUnitTest/01_entityUnitTest/01_entityUnitTestWithBeanValidation.rst:35
テストクラスの書き方,current-heading,11,ja/development_tools/testing_framework/guide/development_guide/05_UnitTestGuide/02_RequestUnitTest/batch.rst:8
テストケース一覧,current-heading,2,ja/development_tools/testing_framework/guide/development_guide/05_UnitTestGuide/02_RequestUnitTest/batch.rst:71
テストケース分割方針,current-heading,3,ja/development_tools/testing_framework/guide/development_guide/05_UnitTestGuide/03_DealUnitTest/batch.rst:26
テストケース実行のパターン分け,current-heading,1,ja/development_tools/testing_framework/guide/development_guide/05_UnitTestGuide/01_ClassUnitTest/02_componentUnitTest.rst:23
テストショット一覧,current-heading,2,ja/development_tools/testing_framework/guide/development_guide/05_UnitTestGuide/02_RequestUnitTest/http_real.rst:13
テストソースコード実装例,current-heading,7,ja/development_tools/testing_framework/guide/development_guide/06_TestFWGuide/02_DbAccessTest.rst:70
テストデータ,current-heading,7,ja/development_tools/testing_framework/guide/development_guide/06_TestFWGuide/RequestUnitTest_batch.rst:134
テストデータとテストクラスの作成,current-heading,1,ja/development_tools/testing_framework/guide/development_guide/05_UnitTestGuide/01_ClassUnitTest/02_componentUnitTest.rst:40
テストデータに空白、空文字、改行やnullを記述したい,current-heading,1,ja/development_tools/testing_framework/guide/development_guide/06_TestFWGuide/03_Tips.rst:678
テストデータに空行を記述したい,current-heading,1,ja/development_tools/testing_framework/guide/development_guide/06_TestFWGuide/03_Tips.rst:690
テストデータの作成,current-heading,2,ja/development_tools/testing_framework/guide/development_guide/05_UnitTestGuide/01_ClassUnitTest/01_entityUnitTest/01_entityUnitTestWithBeanValidation.rst:22
テストデータの外部化,current-heading,1,ja/development_tools/testing_framework/guide/development_guide/06_TestFWGuide/01_Abstract.rst:21
テストデータの書き方,current-heading,33,ja/development_tools/testing_framework/guide/development_guide/05_UnitTestGuide/02_RequestUnitTest/batch.rst:54
テストデータは全てExcelシートに記述する,current-heading,1,ja/development_tools/testing_framework/guide/development_guide/06_TestFWGuide/01_Abstract.rst:613
テストデータ記述例,current-heading,1,ja/development_tools/testing_framework/guide/development_guide/06_TestFWGuide/02_DbAccessTest.rst:101
テストデータ読み込みディレクトリを変更したい,current-heading,1,ja/development_tools/testing_framework/guide/development_guide/06_TestFWGuide/03_Tips.rst:732
テストメソッドの実行順序に依存しないテストを作成する,current-heading,1,ja/development_tools/testing_framework/guide/development_guide/06_TestFWGuide/01_Abstract.rst:585
テストメソッドの書き方,current-heading,10,ja/development_tools/testing_framework/guide/development_guide/05_UnitTestGuide/02_RequestUnitTest/batch.rst:484
テストメソッド作成,current-heading,3,ja/development_tools/testing_framework/guide/development_guide/05_UnitTestGuide/02_RequestUnitTest/batch.rst:494
テストメソッド分割,current-heading,3,ja/development_tools/testing_framework/guide/development_guide/05_UnitTestGuide/02_RequestUnitTest/batch.rst:31
テストメソッド毎のデータベース初期値,current-heading,1,ja/development_tools/testing_framework/guide/development_guide/05_UnitTestGuide/02_RequestUnitTest/rest.rst:112
テストメソッド記述方法,current-heading,1,ja/development_tools/testing_framework/guide/development_guide/06_TestFWGuide/01_Abstract.rst:168
テスト実施,current-heading,1,ja/development_tools/testing_framework/guide/development_guide/05_UnitTestGuide/03_DealUnitTest/index.rst:24
テスト実行前後に共通処理を行いたい。,current-heading,2,ja/development_tools/testing_framework/guide/development_guide/06_TestFWGuide/03_Tips.rst:509
テスト実行時指摘確認方法,current-heading,1,ja/development_tools/testing_framework/guide/development_guide/08_TestTools/03_HtmlCheckTool/index.rst:227
テスト対象の成果物,current-heading,2,ja/development_tools/testing_framework/guide/development_guide/05_UnitTestGuide/02_RequestUnitTest/delayed_receive.rst:13
テスト準備,current-heading,1,ja/development_tools/testing_framework/guide/development_guide/05_UnitTestGuide/03_DealUnitTest/index.rst:14
テスト結果エビデンスの収集,current-heading,2,ja/development_tools/testing_framework/guide/development_guide/05_UnitTestGuide/03_DealUnitTest/index.rst:34
テスト結果検証,current-heading,5,ja/development_tools/testing_framework/guide/development_guide/05_UnitTestGuide/02_RequestUnitTest/batch.rst:537
テスト結果確認（目視）,current-heading,2,ja/development_tools/testing_framework/guide/development_guide/05_UnitTestGuide/02_RequestUnitTest/index.rst:703
テスト起動方法,current-heading,3,ja/development_tools/testing_framework/guide/development_guide/05_UnitTestGuide/02_RequestUnitTest/batch.rst:530
ディレクティブのデフォルト値,current-heading,1,ja/development_tools/testing_framework/guide/development_guide/06_TestFWGuide/RequestUnitTest_batch.rst:223
デフォルト以外のトランザクションを使用したい,current-heading,1,ja/development_tools/testing_framework/guide/development_guide/06_TestFWGuide/03_Tips.rst:555
デフォルト値,current-heading,1,ja/development_tools/testing_framework/guide/development_guide/06_TestFWGuide/02_DbAccessTest.rst:427
デフォルト値の変更方法,current-heading,1,ja/development_tools/testing_framework/guide/development_guide/06_TestFWGuide/02_DbAccessTest.rst:444
データベースの結果検証,current-heading,1,ja/development_tools/testing_framework/guide/development_guide/05_UnitTestGuide/02_RequestUnitTest/batch.rst:542
データベースを使用するクラスのテスト,current-heading,17,ja/development_tools/testing_framework/guide/development_guide/06_TestFWGuide/02_DbAccessTest.rst:2
データベーステストデータの省略記述方法,current-heading,6,ja/development_tools/testing_framework/guide/development_guide/06_TestFWGuide/02_DbAccessTest.rst:270
データベース関連機能,current-heading,1,ja/development_tools/testing_framework/guide/development_guide/06_TestFWGuide/02_RequestUnitTest.rst:110
データ作成方法,current-heading,1,ja/development_tools/testing_framework/guide/development_guide/08_TestTools/02_MasterDataSetup/01_MasterDataSetupTool.rst:37
データ入力,current-heading,1,ja/development_tools/testing_framework/guide/development_guide/08_TestTools/01_HttpDumpTool/01_HttpDumpTool.rst:74
データ編集,current-heading,1,ja/development_tools/testing_framework/guide/development_guide/08_TestTools/01_HttpDumpTool/01_HttpDumpTool.rst:87
バイナリファイルの場合,current-heading,1,ja/development_tools/testing_framework/guide/development_guide/05_UnitTestGuide/02_RequestUnitTest/fileupload.rst:29
バックアップ用スキーマの作成、データ投入,current-heading,1,ja/development_tools/testing_framework/guide/development_guide/06_TestFWGuide/04_MasterDataRestore.rst:82
バリデーションメソッドのテストケース,current-heading,1,ja/development_tools/testing_framework/guide/development_guide/05_UnitTestGuide/01_ClassUnitTest/01_entityUnitTest/02_entityUnitTestWithNablarchValidation.rst:381
ビルドファイル登録,current-heading,1,ja/development_tools/testing_framework/guide/development_guide/08_TestTools/02_MasterDataSetup/02_ConfigMasterDataSetupTool.rst:102
ファイルの結果検証,current-heading,1,ja/development_tools/testing_framework/guide/development_guide/05_UnitTestGuide/02_RequestUnitTest/batch.rst:550
フレームワークで使用するクラスの設定,current-heading,4,ja/development_tools/testing_framework/guide/development_guide/05_UnitTestGuide/02_RequestUnitTest/http_send_sync.rst:141
フレームワークで用意されたテストクラスのスーパークラスを継承する,current-heading,1,ja/development_tools/testing_framework/guide/development_guide/05_UnitTestGuide/02_RequestUnitTest/rest.rst:53
プログラミング工程で使用するツール,current-heading,1,ja/development_tools/testing_framework/guide/development_guide/08_TestTools/index.rst:3
プロパティファイルの書き換え,current-heading,1,ja/development_tools/testing_framework/guide/development_guide/08_TestTools/02_MasterDataSetup/02_ConfigMasterDataSetupTool.rst:69
マスタデータを変更してテストを行いたい,current-heading,1,ja/development_tools/testing_framework/guide/development_guide/06_TestFWGuide/03_Tips.rst:723
マスタデータ復旧機能,current-heading,10,ja/development_tools/testing_framework/guide/development_guide/06_TestFWGuide/04_MasterDataRestore.rst:4
マスタデータ投入ツール,current-heading,6,ja/development_tools/testing_framework/guide/development_guide/08_TestTools/02_MasterDataSetup/01_MasterDataSetupTool.rst:4
マスタデータ投入ツール インストールガイド,current-heading,7,ja/development_tools/testing_framework/guide/development_guide/08_TestTools/02_MasterDataSetup/02_ConfigMasterDataSetupTool.rst:2
マーカーカラム,current-heading,1,ja/development_tools/testing_framework/guide/development_guide/06_TestFWGuide/01_Abstract.rst:348
メッセージ,current-heading,1,ja/development_tools/testing_framework/guide/development_guide/06_TestFWGuide/02_RequestUnitTest.rst:252
メッセージング処理でテストデータに対し定型的な変換処理を追加したい,current-heading,5,ja/development_tools/testing_framework/guide/development_guide/06_TestFWGuide/03_Tips.rst:786
メール送信処理の構造とテスト範囲,current-heading,1,ja/development_tools/testing_framework/guide/development_guide/05_UnitTestGuide/02_RequestUnitTest/mail.rst:7
モジュール一覧,current-heading,2,ja/development_tools/testing_framework/guide/development_guide/06_TestFWGuide/JUnit5_Extension.rst:35
モックアップを使用するための記述,current-heading,1,ja/development_tools/testing_framework/guide/development_guide/05_UnitTestGuide/02_RequestUnitTest/http_send_sync.rst:104
モックアップクラスの設定,current-heading,1,ja/development_tools/testing_framework/guide/development_guide/05_UnitTestGuide/02_RequestUnitTest/http_send_sync.rst:147
モックアップクラスを使用した取引単体テストの実施方法,current-heading,6,ja/development_tools/testing_framework/guide/development_guide/05_UnitTestGuide/03_DealUnitTest/http_send_sync.rst:17
ユーザ情報,current-heading,1,ja/development_tools/testing_framework/guide/development_guide/05_UnitTestGuide/02_RequestUnitTest/index.rst:194
リクエストを送信する,current-heading,1,ja/development_tools/testing_framework/guide/development_guide/05_UnitTestGuide/02_RequestUnitTest/rest.rst:70
リクエストパラメータ,current-heading,1,ja/development_tools/testing_framework/guide/development_guide/05_UnitTestGuide/02_RequestUnitTest/index.rst:244
リクエスト単体テストでの二重サブミット防止機能のテスト実施方法,current-heading,1,ja/development_tools/testing_framework/guide/development_guide/05_UnitTestGuide/02_RequestUnitTest/double_transmission.rst:14
リクエスト単体テストの実施方法,current-heading,30,ja/development_tools/testing_framework/guide/development_guide/05_UnitTestGuide/02_RequestUnitTest/index.rst:4
リクエスト単体テストの実施方法(HTTP同期応答メッセージ送信処理),current-heading,7,ja/development_tools/testing_framework/guide/development_guide/05_UnitTestGuide/02_RequestUnitTest/http_send_sync.rst:4
リクエスト単体テストの実施方法(バッチ),current-heading,14,ja/development_tools/testing_framework/guide/development_guide/05_UnitTestGuide/02_RequestUnitTest/batch.rst:4
リクエスト単体テストの実施方法(ファイルアップロード),current-heading,4,ja/development_tools/testing_framework/guide/development_guide/05_UnitTestGuide/02_RequestUnitTest/fileupload.rst:2
リクエスト単体テストの実施方法(メール送信),current-heading,2,ja/development_tools/testing_framework/guide/development_guide/05_UnitTestGuide/02_RequestUnitTest/mail.rst:4
リクエスト単体テストの実施方法(同期応答メッセージ受信処理),current-heading,12,ja/development_tools/testing_framework/guide/development_guide/05_UnitTestGuide/02_RequestUnitTest/real.rst:4
リクエスト単体テストの実施方法(同期応答メッセージ送信処理),current-heading,4,ja/development_tools/testing_framework/guide/development_guide/05_UnitTestGuide/02_RequestUnitTest/send_sync.rst:4
リクエスト単体テストの実施方法（HTTP同期応答メッセージ受信処理）,current-heading,4,ja/development_tools/testing_framework/guide/development_guide/05_UnitTestGuide/02_RequestUnitTest/http_real.rst:2
リクエスト単体テストの実施方法（応答不要メッセージ受信処理）,current-heading,5,ja/development_tools/testing_framework/guide/development_guide/05_UnitTestGuide/02_RequestUnitTest/delayed_receive.rst:2
リクエスト単体テストの実施方法（応答不要メッセージ送信処理）,current-heading,5,ja/development_tools/testing_framework/guide/development_guide/05_UnitTestGuide/02_RequestUnitTest/delayed_send.rst:2
リクエスト単体テストクラス作成時の注意点,current-heading,3,ja/development_tools/testing_framework/guide/development_guide/05_UnitTestGuide/02_RequestUnitTest/index.rst:732
リクエスト単体テスト（HTTP同期応答メッセージ送信処理）,current-heading,1,ja/development_tools/testing_framework/guide/development_guide/06_TestFWGuide/RequestUnitTest_http_send_sync.rst:2
リクエスト単体テスト（RESTfulウェブサービス）,current-heading,14,ja/development_tools/testing_framework/guide/development_guide/06_TestFWGuide/RequestUnitTest_rest.rst:4
リクエスト単体テスト（ウェブアプリケーション）,current-heading,15,ja/development_tools/testing_framework/guide/development_guide/06_TestFWGuide/02_RequestUnitTest.rst:4
リクエスト単体テスト（バッチ処理）,current-heading,13,ja/development_tools/testing_framework/guide/development_guide/06_TestFWGuide/RequestUnitTest_batch.rst:4
リクエスト単体テスト（メッセージ受信処理）,current-heading,12,ja/development_tools/testing_framework/guide/development_guide/06_TestFWGuide/RequestUnitTest_real.rst:2
リクエスト単体テスト（同期応答メッセージ送信処理）,current-heading,10,ja/development_tools/testing_framework/guide/development_guide/06_TestFWGuide/RequestUnitTest_send_sync.rst:2
リクエスト単体データ作成ツール,current-heading,10,ja/development_tools/testing_framework/guide/development_guide/08_TestTools/01_HttpDumpTool/01_HttpDumpTool.rst:4
リクエスト単体データ作成ツール インストールガイド,current-heading,8,ja/development_tools/testing_framework/guide/development_guide/08_TestTools/01_HttpDumpTool/02_SetUpHttpDumpTool.rst:2
ログの結果検証,current-heading,1,ja/development_tools/testing_framework/guide/development_guide/05_UnitTestGuide/02_RequestUnitTest/batch.rst:568
ログ出力設定,current-heading,1,ja/development_tools/testing_framework/guide/development_guide/06_TestFWGuide/04_MasterDataRestore.rst:168
一つのシートに複数テストケースのデータを記載したい,current-heading,4,ja/development_tools/testing_framework/guide/development_guide/06_TestFWGuide/03_Tips.rst:203
"主なクラス, リソース",current-heading,5,ja/development_tools/testing_framework/guide/development_guide/06_TestFWGuide/02_DbAccessTest.rst:23
事前処理・事後処理を実装する,current-heading,1,ja/development_tools/testing_framework/guide/development_guide/06_TestFWGuide/JUnit5_Extension.rst:343
事前準備補助機能,current-heading,1,ja/development_tools/testing_framework/guide/development_guide/06_TestFWGuide/02_RequestUnitTest.rst:126
事前準備補助機能を使ってリクエストを生成する,current-heading,1,ja/development_tools/testing_framework/guide/development_guide/05_UnitTestGuide/02_RequestUnitTest/rest.rst:66
二重サブミット防止機能のテスト実施方法,current-heading,3,ja/development_tools/testing_framework/guide/development_guide/05_UnitTestGuide/02_RequestUnitTest/double_transmission.rst:4
仕様,current-heading,2,ja/development_tools/testing_framework/guide/development_guide/08_TestTools/03_HtmlCheckTool/index.rst:17
任意のディレクトリのExcelファイルを読み込みたい,current-heading,2,ja/development_tools/testing_framework/guide/development_guide/06_TestFWGuide/03_Tips.rst:489
使用方法,current-heading,15,ja/development_tools/testing_framework/guide/development_guide/08_TestTools/01_HttpDumpTool/01_HttpDumpTool.rst:31
使用禁止タグ・属性のカスタマイズ方法,current-heading,1,ja/development_tools/testing_framework/guide/development_guide/08_TestTools/03_HtmlCheckTool/index.rst:93
依存関係の追加,current-heading,1,ja/development_tools/testing_framework/guide/development_guide/06_TestFWGuide/01_Abstract.rst:696
入力となるHTML生成,current-heading,1,ja/development_tools/testing_framework/guide/development_guide/08_TestTools/01_HttpDumpTool/01_HttpDumpTool.rst:47
全体像,current-heading,6,ja/development_tools/testing_framework/guide/development_guide/06_TestFWGuide/02_DbAccessTest.rst:16
具体例,current-heading,1,ja/development_tools/testing_framework/guide/development_guide/06_TestFWGuide/02_DbAccessTest.rst:313
出力ライブラリ(同期応答メッセージ送信処理)の構造とテスト範囲,current-heading,1,ja/development_tools/testing_framework/guide/development_guide/05_UnitTestGuide/02_RequestUnitTest/send_sync.rst:8
前提事項,current-heading,3,ja/development_tools/testing_framework/guide/development_guide/06_TestFWGuide/02_RequestUnitTest.rst:63
前提条件,current-heading,6,ja/development_tools/testing_framework/guide/development_guide/05_UnitTestGuide/02_RequestUnitTest/rest.rst:5
動作イメージ,current-heading,1,ja/development_tools/testing_framework/guide/development_guide/06_TestFWGuide/04_MasterDataRestore.rst:57
単体テスト実施方法,current-heading,1,ja/development_tools/testing_framework/guide/development_guide/05_UnitTestGuide/index.rst:4
参照系のテスト,current-heading,1,ja/development_tools/testing_framework/guide/development_guide/06_TestFWGuide/02_DbAccessTest.rst:53
取引単体テストでの二重サブミット防止機能のテスト実施方法,current-heading,1,ja/development_tools/testing_framework/guide/development_guide/05_UnitTestGuide/02_RequestUnitTest/double_transmission.rst:25
取引単体テストのテストクラス例,current-heading,1,ja/development_tools/testing_framework/guide/development_guide/05_UnitTestGuide/03_DealUnitTest/rest.rst:9
取引単体テストの実施方法,current-heading,10,ja/development_tools/testing_framework/guide/development_guide/05_UnitTestGuide/03_DealUnitTest/index.rst:4
取引単体テストの実施方法（バッチ）,current-heading,7,ja/development_tools/testing_framework/guide/development_guide/05_UnitTestGuide/03_DealUnitTest/batch.rst:2
取引単体テストの実施方法（同期応答メッセージ受信処理),current-heading,1,ja/development_tools/testing_framework/guide/development_guide/05_UnitTestGuide/03_DealUnitTest/real.rst:2
取引単体テストの実施方法（応答不要メッセージ受信処理）,current-heading,1,ja/development_tools/testing_framework/guide/development_guide/05_UnitTestGuide/03_DealUnitTest/delayed_receive.rst:2
取引単体テストの実施方法（応答不要メッセージ送信処理）,current-heading,1,ja/development_tools/testing_framework/guide/development_guide/05_UnitTestGuide/03_DealUnitTest/delayed_send.rst:2
可変長ファイル,current-heading,1,ja/development_tools/testing_framework/guide/development_guide/06_TestFWGuide/RequestUnitTest_batch.rst:173
各種期待値,current-heading,5,ja/development_tools/testing_framework/guide/development_guide/05_UnitTestGuide/02_RequestUnitTest/batch.rst:447
各種準備データ,current-heading,3,ja/development_tools/testing_framework/guide/development_guide/05_UnitTestGuide/02_RequestUnitTest/batch.rst:168
各種設定値,current-heading,8,ja/development_tools/testing_framework/guide/development_guide/06_TestFWGuide/02_RequestUnitTest.rst:304
同じテストメソッドをテストデータを変えて実行したい,current-heading,3,ja/development_tools/testing_framework/guide/development_guide/06_TestFWGuide/03_Tips.rst:107
同期応答メッセージ送信処理,current-heading,1,ja/development_tools/testing_framework/guide/development_guide/06_TestFWGuide/RequestUnitTest_send_sync.rst:147
同期応答メッセージ送信処理を伴う取引単体テストの実施方法,current-heading,5,ja/development_tools/testing_framework/guide/development_guide/05_UnitTestGuide/03_DealUnitTest/send_sync.rst:4
命名規約,current-heading,1,ja/development_tools/testing_framework/guide/development_guide/06_TestFWGuide/01_Abstract.rst:203
固定長ファイル,current-heading,1,ja/development_tools/testing_framework/guide/development_guide/06_TestFWGuide/RequestUnitTest_batch.rst:142
固定長ファイル、CSVファイルの場合,current-heading,1,ja/development_tools/testing_framework/guide/development_guide/05_UnitTestGuide/02_RequestUnitTest/fileupload.rst:61
基本的なテスト方法,current-heading,3,ja/development_tools/testing_framework/guide/development_guide/06_TestFWGuide/02_DbAccessTest.rst:46
基本的な使い方,current-heading,1,ja/development_tools/testing_framework/guide/development_guide/06_TestFWGuide/JUnit5_Extension.rst:49
基本的な記述方法,current-heading,1,ja/development_tools/testing_framework/guide/development_guide/05_UnitTestGuide/03_DealUnitTest/batch.rst:49
外部キーが設定されたテーブルにデータをセットアップしたい,current-heading,1,ja/development_tools/testing_framework/guide/development_guide/06_TestFWGuide/02_DbAccessTest.rst:544
外部キーが設定されたテーブルを使用する場合について,current-heading,1,ja/development_tools/testing_framework/guide/development_guide/06_TestFWGuide/04_MasterDataRestore.rst:94
外部プログラム選択,current-heading,1,ja/development_tools/testing_framework/guide/development_guide/08_TestTools/01_HttpDumpTool/02_SetUpHttpDumpTool.rst:79
実行,current-heading,2,ja/development_tools/testing_framework/guide/development_guide/06_TestFWGuide/02_RequestUnitTest.rst:208
実行方法,current-heading,1,ja/development_tools/testing_framework/guide/development_guide/08_TestTools/02_MasterDataSetup/01_MasterDataSetupTool.rst:43
実装するインタフェース,current-heading,1,ja/development_tools/testing_framework/guide/development_guide/06_TestFWGuide/03_Tips.rst:795
常駐バッチのテスト用ハンドラ構成,current-heading,1,ja/development_tools/testing_framework/guide/development_guide/06_TestFWGuide/RequestUnitTest_batch.rst:184
必要となるスキーマ,current-heading,1,ja/development_tools/testing_framework/guide/development_guide/06_TestFWGuide/04_MasterDataRestore.rst:36
提供方法,current-heading,3,ja/development_tools/testing_framework/guide/development_guide/08_TestTools/01_HttpDumpTool/02_SetUpHttpDumpTool.rst:23
文字種と文字列長の単項目精査テストケース,current-heading,2,ja/development_tools/testing_framework/guide/development_guide/05_UnitTestGuide/01_ClassUnitTest/01_entityUnitTest/01_entityUnitTestWithBeanValidation.rst:66
日付の記述方法,current-heading,1,ja/development_tools/testing_framework/guide/development_guide/06_TestFWGuide/01_Abstract.rst:403
更新系のテスト,current-heading,1,ja/development_tools/testing_framework/guide/development_guide/06_TestFWGuide/02_DbAccessTest.rst:166
本フレームワークのクラスを継承せずに使用したい,current-heading,2,ja/development_tools/testing_framework/guide/development_guide/06_TestFWGuide/03_Tips.rst:572
概要,current-heading,25,ja/development_tools/testing_framework/guide/development_guide/05_UnitTestGuide/02_RequestUnitTest/delayed_receive.rst:6
構造,current-heading,31,ja/development_tools/testing_framework/guide/development_guide/06_TestFWGuide/02_RequestUnitTest.rst:79
注意事項,current-heading,5,ja/development_tools/testing_framework/guide/development_guide/06_TestFWGuide/01_Abstract.rst:582
注意点,current-heading,6,ja/development_tools/testing_framework/guide/development_guide/06_TestFWGuide/02_DbAccessTest.rst:497
特徴,current-heading,6,ja/development_tools/testing_framework/guide/development_guide/06_TestFWGuide/01_Abstract.rst:8
独自の拡張を加える,current-heading,7,ja/development_tools/testing_framework/guide/development_guide/06_TestFWGuide/JUnit5_Extension.rst:170
独自拡張クラスを作成する,current-heading,1,ja/development_tools/testing_framework/guide/development_guide/06_TestFWGuide/JUnit5_Extension.rst:184
独自拡張用のExtensionを作成する,current-heading,1,ja/development_tools/testing_framework/guide/development_guide/06_TestFWGuide/JUnit5_Extension.rst:208
環境構築,current-heading,5,ja/development_tools/testing_framework/guide/development_guide/06_TestFWGuide/04_MasterDataRestore.rst:75
目的,current-heading,1,ja/development_tools/testing_framework/guide/development_guide/08_TestTools/03_HtmlCheckTool/index.rst:10
目的別API使用方法,current-heading,38,ja/development_tools/testing_framework/guide/development_guide/06_TestFWGuide/03_Tips.rst:3
結果を確認する,current-heading,1,ja/development_tools/testing_framework/guide/development_guide/05_UnitTestGuide/02_RequestUnitTest/rest.rst:74
結果確認,current-heading,2,ja/development_tools/testing_framework/guide/development_guide/06_TestFWGuide/02_RequestUnitTest.rst:248
自動テストフレームワーク,current-heading,19,ja/development_tools/testing_framework/guide/development_guide/06_TestFWGuide/01_Abstract.rst:4
自動テストフレームワークの使用方法,current-heading,1,ja/development_tools/testing_framework/guide/development_guide/06_TestFWGuide/index.rst:4
自動テストフレームワークの構成,current-heading,1,ja/development_tools/testing_framework/guide/development_guide/06_TestFWGuide/01_Abstract.rst:137
自動テストフレームワーク設定値,current-heading,2,ja/development_tools/testing_framework/guide/development_guide/05_UnitTestGuide/01_ClassUnitTest/01_entityUnitTest/01_entityUnitTestWithBeanValidation.rst:702
複数のデータタイプ使用時はデータタイプごとにまとめてデータを記述する,current-heading,1,ja/development_tools/testing_framework/guide/development_guide/06_TestFWGuide/01_Abstract.rst:625
複雑なテストケースの場合,current-heading,1,ja/development_tools/testing_framework/guide/development_guide/05_UnitTestGuide/03_DealUnitTest/batch.rst:33
要求電文のアサート,current-heading,1,ja/development_tools/testing_framework/guide/development_guide/05_UnitTestGuide/02_RequestUnitTest/http_send_sync.rst:133
要求電文のログ出力,current-heading,1,ja/development_tools/testing_framework/guide/development_guide/05_UnitTestGuide/03_DealUnitTest/send_sync.rst:222
要求電文の期待値および、返却する応答電文（レスポンスメッセージ）の準備,current-heading,1,ja/development_tools/testing_framework/guide/development_guide/05_UnitTestGuide/02_RequestUnitTest/delayed_send.rst:52
設定,current-heading,1,ja/development_tools/testing_framework/guide/development_guide/06_TestFWGuide/RequestUnitTest_rest.rst:75
設定ファイルの例,current-heading,1,ja/development_tools/testing_framework/guide/development_guide/06_TestFWGuide/03_Tips.rst:357
設定ファイル例,current-heading,1,ja/development_tools/testing_framework/guide/development_guide/06_TestFWGuide/03_Tips.rst:310
設定画面起動,current-heading,1,ja/development_tools/testing_framework/guide/development_guide/08_TestTools/01_HttpDumpTool/02_SetUpHttpDumpTool.rst:68
起動用バッチファイル（シェルスクリプト）選択,current-heading,1,ja/development_tools/testing_framework/guide/development_guide/08_TestTools/01_HttpDumpTool/02_SetUpHttpDumpTool.rst:88
電文を1回送信する場合の要求電文の期待値および、返却する応答電文（レスポンスメッセージ）の例,current-heading,1,ja/development_tools/testing_framework/guide/development_guide/05_UnitTestGuide/02_RequestUnitTest/http_send_sync.rst:20
電文を2回以上送信する場合の要求電文の期待値および、返却する応答電文（レスポンスメッセージ）の例,current-heading,1,ja/development_tools/testing_framework/guide/development_guide/05_UnitTestGuide/02_RequestUnitTest/http_send_sync.rst:52
非常に簡単なテストケースの場合,current-heading,1,ja/development_tools/testing_framework/guide/development_guide/05_UnitTestGuide/03_DealUnitTest/batch.rst:42
項目間精査のテストケース,current-heading,1,ja/development_tools/testing_framework/guide/development_guide/05_UnitTestGuide/01_ClassUnitTest/01_entityUnitTest/01_entityUnitTestWithBeanValidation.rst:430
DB アクセステスト,ntf-doc-terms-heading,1,.rn/20260724-ntf-yaml-support/input/ntf-doc-terms.md:427
DB 系（SETUP_TABLE / EXPECTED_TABLE / EXPECTED_COMPLETE_TABLE / LIST_MAP）,ntf-doc-terms-heading,1,.rn/20260724-ntf-yaml-support/input/ntf-doc-terms.md:131
FwHeaderDefinition / fwHeaderDefinition,ntf-doc-terms-heading,1,.rn/20260724-ntf-yaml-support/input/ntf-doc-terms.md:359
HTML ダンプ出力,ntf-doc-terms-heading,1,.rn/20260724-ntf-yaml-support/input/ntf-doc-terms.md:457
HTTP 同期応答メッセージ送信の用語読み替え,ntf-doc-terms-heading,1,.rn/20260724-ntf-yaml-support/input/ntf-doc-terms.md:398
requestParams の仕様,ntf-doc-terms-heading,1,.rn/20260724-ntf-yaml-support/input/ntf-doc-terms.md:271
testShots / requestParams（テストケース一覧）,ntf-doc-terms-heading,1,.rn/20260724-ntf-yaml-support/input/ntf-doc-terms.md:234
testShots カラム一覧（ウェブアプリケーション）,ntf-doc-terms-heading,1,.rn/20260724-ntf-yaml-support/input/ntf-doc-terms.md:245
testShots カラム一覧（バッチ処理）,ntf-doc-terms-heading,1,.rn/20260724-ntf-yaml-support/input/ntf-doc-terms.md:277
testShots カラム一覧（メッセージング受信）,ntf-doc-terms-heading,1,.rn/20260724-ntf-yaml-support/input/ntf-doc-terms.md:296
その他のフレームワーク固有用語,ntf-doc-terms-heading,1,.rn/20260724-ntf-yaml-support/input/ntf-doc-terms.md:526
カラム省略の制約,ntf-doc-terms-heading,1,.rn/20260724-ntf-yaml-support/input/ntf-doc-terms.md:154
グループ ID,ntf-doc-terms-heading,1,.rn/20260724-ntf-yaml-support/input/ntf-doc-terms.md:118
コメント,ntf-doc-terms-heading,1,.rn/20260724-ntf-yaml-support/input/ntf-doc-terms.md:102
コンポーネント設定の主要項目,ntf-doc-terms-heading,1,.rn/20260724-ntf-yaml-support/input/ntf-doc-terms.md:463
シート・行・列・セル,ntf-doc-terms-heading,1,.rn/20260724-ntf-yaml-support/input/ntf-doc-terms.md:61
セル値の解釈規則（特殊記法・マーカーカラム・コメント）,ntf-doc-terms-heading,1,.rn/20260724-ntf-yaml-support/input/ntf-doc-terms.md:80
タイムスタンプ形式,ntf-doc-terms-heading,1,.rn/20260724-ntf-yaml-support/input/ntf-doc-terms.md:159
テスト種別と主要クラス,ntf-doc-terms-heading,1,.rn/20260724-ntf-yaml-support/input/ntf-doc-terms.md:412
テスト種別の正式名称,ntf-doc-terms-heading,1,.rn/20260724-ntf-yaml-support/input/ntf-doc-terms.md:414
ディレクティブ,ntf-doc-terms-heading,1,.rn/20260724-ntf-yaml-support/input/ntf-doc-terms.md:213
デフォルト値,ntf-doc-terms-heading,1,.rn/20260724-ntf-yaml-support/input/ntf-doc-terms.md:144
データタイプ別の行構造,ntf-doc-terms-heading,1,.rn/20260724-ntf-yaml-support/input/ntf-doc-terms.md:129
データタイプ（Data Types）,ntf-doc-terms-heading,1,.rn/20260724-ntf-yaml-support/input/ntf-doc-terms.md:36
ファイルデータのフィールド定義用語,ntf-doc-terms-heading,1,.rn/20260724-ntf-yaml-support/input/ntf-doc-terms.md:202
マスタデータ復旧機能,ntf-doc-terms-heading,1,.rn/20260724-ntf-yaml-support/input/ntf-doc-terms.md:163
マーカーカラム,ntf-doc-terms-heading,1,.rn/20260724-ntf-yaml-support/input/ntf-doc-terms.md:98
メッセージデータタイプ（同期応答メッセージ送信）,ntf-doc-terms-heading,1,.rn/20260724-ntf-yaml-support/input/ntf-doc-terms.md:364
メッセージデータ構造（受信: setUpMessages / expectedMessages）,ntf-doc-terms-heading,1,.rn/20260724-ntf-yaml-support/input/ntf-doc-terms.md:341
メッセージング,ntf-doc-terms-heading,1,.rn/20260724-ntf-yaml-support/input/ntf-doc-terms.md:325
リクエスト単体テスト（RESTful ウェブサービス）,ntf-doc-terms-heading,1,.rn/20260724-ntf-yaml-support/input/ntf-doc-terms.md:473
リクエスト単体テスト（ウェブアプリケーション）の主要クラス,ntf-doc-terms-heading,1,.rn/20260724-ntf-yaml-support/input/ntf-doc-terms.md:443
リクエスト単体テスト（バッチ処理）,ntf-doc-terms-heading,1,.rn/20260724-ntf-yaml-support/input/ntf-doc-terms.md:487
リクエスト単体テスト（メッセージ受信処理）,ntf-doc-terms-heading,1,.rn/20260724-ntf-yaml-support/input/ntf-doc-terms.md:500
リクエスト単体テスト（同期応答メッセージ送信処理）,ntf-doc-terms-heading,1,.rn/20260724-ntf-yaml-support/input/ntf-doc-terms.md:511
ログ検証（expectedLog）,ntf-doc-terms-heading,1,.rn/20260724-ntf-yaml-support/input/ntf-doc-terms.md:312
制約事項（同期応答メッセージ送信）,ntf-doc-terms-heading,1,.rn/20260724-ntf-yaml-support/input/ntf-doc-terms.md:392
可変長ファイル（SETUP_VARIABLE / EXPECTED_VARIABLE）,ntf-doc-terms-heading,1,.rn/20260724-ntf-yaml-support/input/ntf-doc-terms.md:185
固定長ファイル（SETUP_FIXED / EXPECTED_FIXED）,ntf-doc-terms-heading,1,.rn/20260724-ntf-yaml-support/input/ntf-doc-terms.md:167
基本用語,ntf-doc-terms-heading,1,.rn/20260724-ntf-yaml-support/input/ntf-doc-terms.md:327
日付記述フォーマット,ntf-doc-terms-heading,1,.rn/20260724-ntf-yaml-support/input/ntf-doc-terms.md:106
特殊記法,ntf-doc-terms-heading,1,.rn/20260724-ntf-yaml-support/input/ntf-doc-terms.md:84
用語ドメインの全体像,ntf-doc-terms-heading,1,.rn/20260724-ntf-yaml-support/input/ntf-doc-terms.md:12
設計原則（用語として登場する概念）,ntf-doc-terms-heading,1,.rn/20260724-ntf-yaml-support/input/ntf-doc-terms.md:110
障害系テスト用特殊値,ntf-doc-terms-heading,1,.rn/20260724-ntf-yaml-support/input/ntf-doc-terms.md:383
1. 読者と構成,design-heading,1,.rn/20260724-ntf-yaml-support/design.md:3
10. 未確定事項,design-heading,1,.rn/20260724-ntf-yaml-support/design.md:254
1ページごとにレビューする,design-heading,1,.rn/20260724-ntf-yaml-support/design.md:248
2. 第1部 テスティングフレームワークとは,design-heading,1,.rn/20260724-ntf-yaml-support/design.md:23
3. 第2部 導入と設定,design-heading,1,.rn/20260724-ntf-yaml-support/design.md:56
4. 第3部 テストの実装方法,design-heading,1,.rn/20260724-ntf-yaml-support/design.md:107
5. 処理方式の名称,design-heading,1,.rn/20260724-ntf-yaml-support/design.md:160
6. 用語,design-heading,1,.rn/20260724-ntf-yaml-support/design.md:184
7. トンマナ,design-heading,1,.rn/20260724-ntf-yaml-support/design.md:205
8. 対象外とするもの,design-heading,1,.rn/20260724-ntf-yaml-support/design.md:224
9. 作業方針,design-heading,1,.rn/20260724-ntf-yaml-support/design.md:236
「〜したい」形式の見出しを廃止する,design-heading,1,.rn/20260724-ntf-yaml-support/design.md:197
「テストの種類」に置く対比,design-heading,1,.rn/20260724-ntf-yaml-support/design.md:36
テストデータの2ページ,design-heading,1,.rn/20260724-ntf-yaml-support/design.md:147
テーブルをキューとして使ったメッセージング,design-heading,1,.rn/20260724-ntf-yaml-support/design.md:176
ページのアウトライン,design-heading,2,.rn/20260724-ntf-yaml-support/design.md:72
マッピングを唯一の基準とする,design-heading,1,.rn/20260724-ntf-yaml-support/design.md:238
モジュール一覧の集約,design-heading,1,.rn/20260724-ntf-yaml-support/design.md:48
用語集を作成する,design-heading,1,.rn/20260724-ntf-yaml-support/design.md:186
白紙から作成する,design-heading,1,.rn/20260724-ntf-yaml-support/design.md:244
記載範囲,design-heading,1,.rn/20260724-ntf-yaml-support/design.md:94
HTTPメッセージング,design-scheme,1,.rn/20260724-ntf-yaml-support/design.md:168
Jakarta Batchに準拠したバッチアプリケーション,design-scheme,1,.rn/20260724-ntf-yaml-support/design.md:170
MOMによるメッセージング,design-scheme,1,.rn/20260724-ntf-yaml-support/design.md:171
Nablarchバッチアプリケーション,design-scheme,1,.rn/20260724-ntf-yaml-support/design.md:169
RESTfulウェブサービス,design-scheme,1,.rn/20260724-ntf-yaml-support/design.md:167
ウェブアプリケーション,design-scheme,1,.rn/20260724-ntf-yaml-support/design.md:166
テーブルをキューとして使ったメッセージング,design-scheme,1,.rn/20260724-ntf-yaml-support/design.md:172
